class,family,iucn2020_binomial,min_clutch_size_from_Feiliang,max_clutch_size_from_Feiliang,earliest_breeding_month_from_Feiliang,latest_breeding_month_from_Feiliang
Gymnophiona,Ichthyophiidae,Ichthyophis bannanicus,,,,
 Caudata,Hynobiidae,Hynobius amjiensis,,,,
 Caudata,Hynobiidae,Hynobius arisanensis,,,,
 Caudata,Hynobiidae,Hynobius chinensis,,,,
 Caudata,Hynobiidae,Hynobius formosanus,,,,
 Caudata,Hynobiidae,Hynobius fucus,,,,
 Caudata,Hynobiidae,Hynobius glacialis,,,,
 Caudata,Hynobiidae,Hynobius guabangshanensis,,,,
 Caudata,Hynobiidae,Hynobius leechii,,,,
 Caudata,Hynobiidae,Hynobius maoershanensis,,,,
 Caudata,Hynobiidae,Hynobius sonani,,,,
 Caudata,Hynobiidae,Hynobius yiwuensis,,,,
 Caudata,Hynobiidae,Pachyhynobius shangchengensis,,,,
 Caudata,Hynobiidae,Pseudohynobius flavomaculatus,,,,
 Caudata,Hynobiidae,Pseudohynobius guizhouensis,,,,
 Caudata,Hynobiidae,Pseudohynobius jinfo,,,,
 Caudata,Hynobiidae,Pseudohynobius kuankuoshuiensis,,,,
 Caudata,Hynobiidae,Pseudohynobius puxiongensis,,,,
 Caudata,Hynobiidae,Pseudohynobius shuichengensis,,,,
 Caudata,Hynobiidae,Liua shihi,,,,
 Caudata,Hynobiidae,Liua tsinpaensis,,,,
 Caudata,Hynobiidae,Ranodon sibiricus,,,,
 Caudata,Hynobiidae,Salamandrella keyserlingii,,,,
 Caudata,Hynobiidae,Salamandrella tridactyla,,,,
 Caudata,Hynobiidae,Onychodactylus zhangyapingi,,,,
 Caudata,Hynobiidae,Onychodactylus zhaoermii,,,,
 Caudata,Hynobiidae,Batrachuperus karlschmidti,,,,
 Caudata,Hynobiidae,Batrachuperus londongensis,,,,
 Caudata,Hynobiidae,Batrachuperus pinchonii,,,,
 Caudata,Hynobiidae,Batrachuperus taibaiensis,,,,
 Caudata,Hynobiidae,Batrachuperus tibetanus,,,,
 Caudata,Hynobiidae,Batrachuperus yenyuanensis,,,,
 Caudata,Hynobiidae,Batrachuperus daochengensis,,,,
 Caudata,Cryptobranchidae,Andrias davidianus,,,,
 Caudata,Cryptobranchidae,Andrias sligoi,,,,
 Caudata,Salamandridae,Tylototriton asperrimus,,,,
 Caudata,Salamandridae,Tylototriton broadoridgus,,,,
 Caudata,Salamandridae,Tylototriton dabienicus,,,,
 Caudata,Salamandridae,Tylototriton kweichowensis,,,,
 Caudata,Salamandridae,Tylototriton liuyangensis,,,,
 Caudata,Salamandridae,Tylototriton lizhengchangi,,,,
 Caudata,Salamandridae,Tylototriton pseudoverrucosus,,,,
 Caudata,Salamandridae,Tylototriton shanjing,,,,
 Caudata,Salamandridae,Tylototriton verrucosus,,,,
 Caudata,Salamandridae,Tylototriton wenxianensis,,,,
 Caudata,Salamandridae,Tylototriton yangi,,,,
 Caudata,Salamandridae,Tylototriton taliangensis,,,,
 Caudata,Salamandridae,Tylototriton anhuiensis,,,,
 Caudata,Salamandridae,Tylototriton hainanensis,,,,
 Caudata,Salamandridae,Tylototriton ziegleri,,,,
 Caudata,Salamandridae,Tylototriton maolanensis ,,,,
 Caudata,Salamandridae,Echinotriton andersoni,,,,
 Caudata,Salamandridae,Echinotriton chinhaiensis,,,,
 Caudata,Salamandridae,Echinotriton maxiquadratus,,,,
 Caudata,Salamandridae,Pachytriton archospotus,,,,
 Caudata,Salamandridae,Pachytriton brevipes,,,,
 Caudata,Salamandridae,Pachytriton changi,,,,
 Caudata,Salamandridae,Pachytriton feii,,,,
 Caudata,Salamandridae,Pachytriton granulosus,,,,
 Caudata,Salamandridae,Pachytriton inexpectatus,,,,
 Caudata,Salamandridae,Pachytriton moi,,,,
 Caudata,Salamandridae,Pachytriton xanthospilos,,,,
 Caudata,Salamandridae,Pachytriton airobranchiatus,,,,
 Caudata,Salamandridae,Pachytriton wuguanfui,,,,
 Caudata,Salamandridae,Paramesotriton caudopunctatus,,,,
 Caudata,Salamandridae,Paramesotriton chinensis,,,,
 Caudata,Salamandridae,Paramesotriton fuzhongensis,,,,
 Caudata,Salamandridae,Paramesotriton guangxiensis,,,,
 Caudata,Salamandridae,Paramesotriton hongkongensis,,,,
 Caudata,Salamandridae,Paramesotriton labiatus,,,,
 Caudata,Salamandridae,Paramesotriton longliensis,,,,
 Caudata,Salamandridae,Paramesotriton maolanensis,,,,
 Caudata,Salamandridae,Paramesotriton qixilingensis,,,,
 Caudata,Salamandridae,Paramesotriton yunwuensis,,,,
 Caudata,Salamandridae,Paramesotriton zhijinensis,,,,
 Caudata,Salamandridae,Paramesotriton aurantius,,,,
 Caudata,Salamandridae,Paramesotriton deloustali,,,,
 Caudata,Salamandridae,Paramesotriton wulingensis,,,,
 Caudata,Salamandridae,Cynops chenggongensis,,,,
 Caudata,Salamandridae,Cynops cyanurus,,,,
 Caudata,Salamandridae,Cynops fudingensis,,,,
 Caudata,Salamandridae,Cynops orientalis,,,,
 Caudata,Salamandridae,Cynops glaucus,,,,
 Caudata,Salamandridae,Cynops orphicus,,,,
 Caudata,Salamandridae,Cynops wolterstorffi,,,,
Anuran,Bombinatoridae,Bombina maxima,,,5,6
Anuran,Bombinatoridae,Bombina microdeladigitora,,,,
Anuran,Bombinatoridae,Bombina orientalis,133,330,5,7
Anuran,Bombinatoridae,Bombina fortinuptialis,,,4,5
Anuran,Bombinatoridae,Bombina lichuanensis,,,4,6
Anuran,Megophryidae,Oreolalax chuanbeiensis,109,227,5.5,6.5
Anuran,Megophryidae,Oreolalax granulosus,,,2.5,3.5
Anuran,Megophryidae,Oreolalax jingdongensis,167,167,2.5,3.5
Anuran,Megophryidae,Oreolalax liangbeiensis,160,197,5,5
Anuran,Megophryidae,Oreolalax lichuanensis,215,215,4,4
Anuran,Megophryidae,Oreolalax major,,,5,6
Anuran,Megophryidae,Oreolalax multipunctatus,70,85,5.5,6
Anuran,Megophryidae,Oreolalax nanjiangensis,,,7.6,7.9
Anuran,Megophryidae,Oreolalax omeimontis,183,183,6,6
Anuran,Megophryidae,Oreolalax pingii,150,200,5,6.3
Anuran,Megophryidae,Oreolalax popei,350,350,4,4
Anuran,Megophryidae,Oreolalax puxiongensis,102,151,6.6,6.9
Anuran,Megophryidae,Oreolalax rhodostigmatus,,,,
Anuran,Megophryidae,Oreolalax rugosus,,,4.6,5
Anuran,Megophryidae,Oreolalax schmidti,108,130,5,6
Anuran,Megophryidae,Oreolalax weigoldi,,,,
Anuran,Megophryidae,Oreolalax xiangchengensis,,,4.9,5.9
Anuran,Megophryidae,Oreolalax longmenmontis,,,,
Anuran,Megophryidae,Scutiger boulengeri,380,380,6,8
Anuran,Megophryidae,Scutiger chintingensis,130,164,5.9,6
Anuran,Megophryidae,Scutiger glandulatus,,,5,7
Anuran,Megophryidae,Scutiger gongshanensis,,,7.6,7.6
Anuran,Megophryidae,Scutiger jiulongensis,1980,1980,5.9,6.3
Anuran,Megophryidae,Scutiger liupanensis,350,350,4.9,6.6
Anuran,Megophryidae,Scutiger maculatus,,,,
Anuran,Megophryidae,Scutiger mammatus,485,718,6,8
Anuran,Megophryidae,Scutiger muliensis,200,200,5.6,5.9
Anuran,Megophryidae,Scutiger ningshanensis,,,5,6
Anuran,Megophryidae,Scutiger nyingchiensis,1000,1000,5.9,6
Anuran,Megophryidae,Scutiger pingwuensis,505,505,6,6
Anuran,Megophryidae,Scutiger sikimmensis,480,480,5,6
Anuran,Megophryidae,Scutiger tuberculatus,,,5,7
Anuran,Megophryidae,Scutiger wanglangensis,204,232,5.6,6.6
Anuran,Megophryidae,Scutiger wuguanfui,,,,
Anuran,Megophryidae,Scutiger spinosus,,,,
Anuran,Megophryidae,Scutiger tengchongensis,,,,
Anuran,Megophryidae,Leptobrachium ailaonicum,230,256,2.6,3
Anuran,Megophryidae,Leptobrachium boringii,250,340,2.9,3.6
Anuran,Megophryidae,Leptobrachium chapaense,,,,
Anuran,Megophryidae,Leptobrachium guangxiense,,,,
Anuran,Megophryidae,Leptobrachium hainanense,,,4,5
Anuran,Megophryidae,Leptobrachium huashen,,,2,2
Anuran,Megophryidae,Leptobrachium leishanense,212,341,11,11
Anuran,Megophryidae,Leptobrachium liui,268,402,11,11
Anuran,Megophryidae,Leptobrachium promustache,,,11,11
Anuran,Megophryidae,Leptobrachium bompu,,,,
Anuran,Megophryidae,Leptobrachium tengchongense,,,,
Anuran,Megophryidae,Leptobrachella alpinus,,,3.9,4
Anuran,Megophryidae,Leptobrachella laui,,,,
Anuran,Megophryidae,Leptobrachella liui,,,,
Anuran,Megophryidae,Leptobrachella oshanensis,,,4,7
Anuran,Megophryidae,Leptobrachella pelodytoides,,,,
Anuran,Megophryidae,Leptobrachella sungi,,,,
Anuran,Megophryidae,Leptobrachella ventripunctata,,,,
Anuran,Megophryidae,Leptobrachella mangshanensis,,,,
Anuran,Megophryidae,Leptobrachella maoershanensis,,,,
Anuran,Megophryidae,Leptobrachella purpura,,,,
Anuran,Megophryidae,Leptobrachella tengchongensis,,,,
Anuran,Megophryidae,Leptobrachella wuhuangmontis,,,,
Anuran,Megophryidae,Leptobrachella yingjiangensis,,,,
Anuran,Megophryidae,Leptobrachella yunkaiensis,,,,
Anuran,Megophryidae,Leptobrachella shangsiensis,,,,
Anuran,Megophryidae,Leptobrachella bijie,,,,
Anuran,Megophryidae,Leptobrachella purpuraventra,,,,
Anuran,Megophryidae,Leptobrachella eos,,,,
Anuran,Megophryidae,Leptobrachella bourreti,,,,
Anuran,Megophryidae,Leptobrachella nyx,,,,
Anuran,Megophryidae,Leptobrachella wulingensis,,,,
Anuran,Megophryidae,Leptobrachella niveimontis ,,,,
Anuran,Megophryidae,Leptobrachella flaviglandulosa,,,,
Anuran,Megophryidae,Leptobrachella feii,,,,
Anuran,Megophryidae,Leptobrachella chishuiensis,,,,
Anuran,Megophryidae,Leptobrachella dorsospina ,,,,
Anuran,Megophryidae,Leptobrachella aspera,,,,
Anuran,Megophryidae,Leptobrachella suiyangensis,,,,
Anuran,Megophryidae,Leptobrachella bashaensis,,,,
Anuran,Megophryidae,Megophrys acuta,,,,
Anuran,Megophryidae,Megophrys baolongensis,,,,
Anuran,Megophryidae,Megophrys binchuanensis,,,5,6
Anuran,Megophryidae,Megophrys binlingensis,,,5,5
Anuran,Megophryidae,Megophrys boettgeri,250,250,6,8
Anuran,Megophryidae,Megophrys brachykolos,,,,
Anuran,Megophryidae,Megophrys caudoprocta,,,,
Anuran,Megophryidae,Megophrys cheni,,,,
Anuran,Megophryidae,Megophrys daweimontis,,,,
Anuran,Megophryidae,Megophrys glandulosa,594,594,4,4
Anuran,Megophryidae,Megophrys gigantica,1192,1192,3.6,4
Anuran,Megophryidae,Megophrys huangshanensis,245,289,5.9,7
Anuran,Megophryidae,Megophrys jingdongensis,215,215,6,8
Anuran,Megophryidae,Megophrys jinggangensis,,,,
Anuran,Megophryidae,Megophrys kuatunensis,,,,
Anuran,Megophryidae,Megophrys lini,,,,
Anuran,Megophryidae,Megophrys major,,,3,3
Anuran,Megophryidae,Megophrys mangshanensis,,,,
Anuran,Megophryidae,Megophrys medogensis,,,,
Anuran,Megophryidae,Megophrys minor,,,5,12
Anuran,Megophryidae,Megophrys nankiangensis,,,,
Anuran,Megophryidae,Megophrys obesa,,,,
Anuran,Megophryidae,Megophrys omeimontis,282,429,,
Anuran,Megophryidae,Megophrys pachyproctus,,,,
Anuran,Megophryidae,Megophrys palpebralespinosa,,,,
Anuran,Megophryidae,Megophrys parva,,,,
Anuran,Megophryidae,Megophrys sangzhiensis,,,,
Anuran,Megophryidae,Megophrys shapingensis,,,6,6
Anuran,Megophryidae,Megophrys shuichengensis,,,,
Anuran,Megophryidae,Megophrys spinata,,,6,7
Anuran,Megophryidae,Megophrys tuberogranulatus,,,,
Anuran,Megophryidae,Megophrys wawuensis,,,,
Anuran,Megophryidae,Megophrys wuliangshanensis,,,5,6
Anuran,Megophryidae,Megophrys wushanensis,,,6,6
Anuran,Megophryidae,Megophrys zhangi,,,,
Anuran,Megophryidae,Megophrys pachyproctus,,,,
Anuran,Megophryidae,Megophrys microstoma,,,,
Anuran,Megophryidae,Megophrys feii,,,,
Anuran,Megophryidae,Megophrys insularis,,,,
Anuran,Megophryidae,Megophrys liboensis,,,,
Anuran,Megophryidae,Megophrys lishuiensis,,,,
Anuran,Megophryidae,Megophrys maosonensis,,,,
Anuran,Megophryidae,Megophrys rubrimera,,,,
Anuran,Megophryidae,Megophrys leishanensis,,,,
Anuran,Megophryidae,Megophrys ombrophila,,,,
Anuran,Megophryidae,Megophrys dongguanensis,,,,
Anuran,Megophryidae,Megophrys nankunensis,,,,
Anuran,Megophryidae,Megophrys jiulianensis,,,,
Anuran,Megophryidae,Megophrys nanlingensis,,,,
Anuran,Megophryidae,Megophrys wugongensis ,,,,
Anuran,Megophryidae,Megophrys mufumontana ,,,,
Anuran,Megophryidae,Megophrys jiangi,,,,
Anuran,Megophryidae,Megophrys xianjuensis,,,,
Anuran,Megophryidae,Megophrys chishuiensis,,,,
Anuran,Megophryidae,Megophrys mirabilis,,,,
Anuran,Megophryidae,Megophrys shimentaina,,,,
Anuran,Megophryidae,Megophrys xiangnanensis,,,,
Anuran,Megophryidae,Megophrys yangmingensis,,,,
Anuran,Megophryidae,Megophrys zhoui,,,,
Anuran,Megophryidae,Megophrys yeae,,,,
Anuran,Megophryidae,Megophrys anlongensis,,,,
Anuran,Megophryidae,Megophrys shunhuangensis,,,,
Anuran,Megophryidae,Megophrys qianbeiensis,,,,
Anuran,Megophryidae,Megophrys baishanzuensis,,,,
Anuran,Megophryidae,Brachytarsophrys orientalis,,,,
Anuran,Megophryidae,Brachytarsophrys platyparietus,,,,
Anuran,Megophryidae,Brachytarsophrys carinense,,,3,5.6
Anuran,Megophryidae,Brachytarsophrys chuannanensis,,,5,5
Anuran,Megophryidae,Brachytarsophrys feae,1000,1000,5,6
Anuran,Megophryidae,Brachytarsophrys popeii,,,,
Anuran,Bufonidae,Bufo ailaoanus,,,8,8
Anuran,Bufonidae,Bufo aspinius,1500,3000,10,11
Anuran,Bufonidae,Bufo bankorensis,,,,
Anuran,Bufonidae,Bufo cryptotympanicus,,,,
Anuran,Bufonidae,Bufo gargarizans,2700,8000,3,6
Anuran,Bufonidae,Bufo luchunnicus,,,,
Anuran,Bufonidae,Bufo menglianus,,,,
Anuran,Bufonidae,Bufo pageoti,,,12,3
Anuran,Bufonidae,Bufo stejnegeri,700,960,3,4
Anuran,Bufonidae,Bufo tuberospinius,,,,
Anuran,Bufonidae,Bufotes pewzowi,2000,4500,4,5
Anuran,Bufonidae,Bufotes zamdaensis,,,,
Anuran,Bufonidae,Duttaphrynus himalayanus,,,,
Anuran,Bufonidae,Duttaphrynus melanostictus,,,,
Anuran,Bufonidae,Duttaphrynus stuarti,,,,
Anuran,Bufonidae,Ingerophrynus ledongensis,,,,
Anuran,Bufonidae,Ingerophrynus galeatus,,,,
Anuran,Bufonidae,Parapelophryne scalpta,28,50,,
Anuran,Bufonidae,Strauchbufo raddei,3000,3000,3.9,6.3
Anuran,Bufonidae,Hyla annectans,1300,1300,5,6
Anuran,Bufonidae,Hyla chinensis,236,682,4,5
Anuran,Bufonidae,Hyla immaculata,220,220,5,6
Anuran,Bufonidae,Hyla japonica,,,5.6,6
Anuran,Bufonidae,Hyla sanchiangensis,,,,
Anuran,Bufonidae,Hyla simplex,,,4,4
Anuran,Bufonidae,Hyla tsinlingensis,1150,1150,,
Anuran,Bufonidae,Hyla zhaopingensis,,,,
Anuran,Ranidae,Rana sangzhiensis,725,725,8,8
Anuran,Ranidae,Rana weiningensis,,,,
Anuran,Ranidae,Rana amurensis,927,1308,4.6,5.3
Anuran,Ranidae,Rana longicrus,350,450,12,1
Anuran,Ranidae,Rana arvalis,,,,
Anuran,Ranidae,Rana asiatica,1025,1148,3,4
Anuran,Ranidae,Rana chaochiaoensis,1500,1500,4,5
Anuran,Ranidae,Rana chensinensis,650,2036,4,4
Anuran,Ranidae,Rana chevronta,,,,
Anuran,Ranidae,Rana culaiensis,,,,
Anuran,Ranidae,Rana dybowskii,500,2300,4,5
Anuran,Ranidae,Rana hanluica,1710,1710,10,10
Anuran,Ranidae,Rana huanrenensis,400,500,4,4
Anuran,Ranidae,Rana jiemuxiensis,200,1500,1,3
Anuran,Ranidae,Rana maoershanensis,,,12,1
Anuran,Ranidae,Rana johnsi,1500,1500,8.9,9.6
Anuran,Ranidae,Rana kukunoris,700,2000,3,5
Anuran,Ranidae,Rana coreana,300,1500,3,6
Anuran,Ranidae,Rana omeimontis,800,2300,8.9,9.6
Anuran,Ranidae,Rana sauteri,511,535,4,5
Anuran,Ranidae,Rana shuchinae,180,230,4,7
Anuran,Ranidae,Rana zhengi,,,,
Anuran,Ranidae,Rana zhenhaiensis,402,1364,1.9,4
Anuran,Ranidae,Rana dabieshanensis,,,,
Anuran,Ranidae,Rana luanchuanensis,,,,
Anuran,Ranidae,Rana jiulingensis,,,,
Anuran,Ranidae,Amolops aniqiaoensis,,,,
Anuran,Ranidae,Amolops bellulus,,,,
Anuran,Ranidae,Amolops caelumnoctis,,,,
Anuran,Ranidae,Amolops chayuensis,,,,
Anuran,Ranidae,Amolops chunganensis,278,421,5,8
Anuran,Ranidae,Amolops daiyunensis,196,253,4,7
Anuran,Ranidae,Amolops gerbillus,,,,
Anuran,Ranidae,Amolops granulosus,,,,
Anuran,Ranidae,Amolops hainanensis,,,4,8
Anuran,Ranidae,Amolops hongkongensis,12,60,8,8
Anuran,Ranidae,Amolops jinjiangensis,,,,
Anuran,Ranidae,Amolops kangtingensis,,,,
Anuran,Ranidae,Amolops liangshanensis,,,,
Anuran,Ranidae,Amolops lifanensis,,,7,8
Anuran,Ranidae,Amolops loloensis,153,153,5,6
Anuran,Ranidae,Amolops mantzorum,,,5,10
Anuran,Ranidae,Amolops marmoratus,,,,
Anuran,Ranidae,Amolops medogensis,,,,
Anuran,Ranidae,Amolops mengyangensis,,,,
Anuran,Ranidae,Amolops monticola,,,8,8
Anuran,Ranidae,Amolops ricketti,730,1086,5,6
Anuran,Ranidae,Amolops splendissimus,,,4,5
Anuran,Ranidae,Amolops torrentis,,,5,8
Anuran,Ranidae,Amolops tuberodepressus,,,,
Anuran,Ranidae,Amolops viridimaculatus,,,5,7
Anuran,Ranidae,Amolops wuyiensis,661,732,5,6
Anuran,Ranidae,Amolops albispinus,,,,
Anuran,Ranidae,Amolops nyingchiensis,,,,
Anuran,Ranidae,Amolops wenshanensis,,,,
Anuran,Ranidae,Amolops xinduqiao,,,,
Anuran,Ranidae,Amolops yunkaiensis,,,,
Anuran,Ranidae,Amolops sinensis,,,,
Anuran,Ranidae,Amolops yatseni,,,,
Anuran,Ranidae,Amolops mengdingensis,,,,
Anuran,Ranidae,Amolops gyirongensis,,,,
Anuran,Ranidae,Amolops pallasitatus,,,,
Anuran,Ranidae,Amolops tuanjieensis,,,,
Anuran,Ranidae,Amolops beibengensis,,,,
Anuran,Ranidae,Amolops wangyufani,,,,
Anuran,Ranidae,Amolops gyirongensis,,,,
Anuran,Ranidae,Amolops yarlungzangbo,,,,
Anuran,Ranidae,Amolops deng,,,,
Anuran,Ranidae,Amolops daorum,,,,
Anuran,Ranidae,Nidirana adenopleura,300,586,4,7
Anuran,Ranidae,Nidirana daunchina,100,100,5,6
Anuran,Ranidae,Nidirana hainanensis,,,,
Anuran,Ranidae,Nidirana lini,,,,
Anuran,Ranidae,Nidirana okinavana,,,,
Anuran,Ranidae,Nidirana pleuraden,600,600,6,7
Anuran,Ranidae,Nidirana nankunensis,,,,
Anuran,Ranidae,Nidirana chapaensis,,,,
Anuran,Ranidae,Nidirana yaoica,,,,
Anuran,Ranidae,Nidirana leishanensis,,,,
Anuran,Ranidae,Nidirana yeae,,,,
Anuran,Ranidae,Nidirana mangveni ,,,,
Anuran,Ranidae,Nidirana guangdongensis,,,,
Anuran,Ranidae,Nidirana xiangica,,,,
Anuran,Ranidae,Nidirana occidentalis ,,,,
Anuran,Ranidae,Glandirana emeljanovi,900,1275,6,7
Anuran,Ranidae,Glandirana minima,221,318,6,9
Anuran,Ranidae,Glandirana tientaiensis,2000,3000,7,7
Anuran,Ranidae,Hylarana cubitalis,,,,
Anuran,Ranidae,Hylarana hekouensis,,,5,5
Anuran,Ranidae,Hylarana guentheri,2000,4090,5,6
Anuran,Ranidae,Hylarana?lateralis,,,5,6
Anuran,Ranidae,Hylarana latouchii,1000,1474,3,5
Anuran,Ranidae,Hylarana macrodactyla,300,300,7,9
Anuran,Ranidae,Hylarana maosonensis,,,,
Anuran,Ranidae,Hylarana menglaensis,279,382,4,6
Anuran,Ranidae,Hylarana milleti,,,,
Anuran,Ranidae,Hylarana nigrovittata,,,,
Anuran,Ranidae,Hylarana spinulosa,,,,
Anuran,Ranidae,Hylarana taipehensis,124,253,5,7
Anuran,Ranidae,Odorrana andersonii,1444,1444,5,6
Anuran,Ranidae,Odorrana anlungensis,361,361,8,8
Anuran,Ranidae,Odorrana cangyuanensis,,,,
Anuran,Ranidae,Odorrana chapaensis,,,,
Anuran,Ranidae,Odorrana chloronota,,,,
Anuran,Ranidae,Odorrana exiliversabilis,145,176,,
Anuran,Ranidae,Odorrana geminata,,,,
Anuran,Ranidae,Odorrana grahami,,,6,6
Anuran,Ranidae,Odorrana graminea,2240,3724,5.9,6
Anuran,Ranidae,Odorrana hainanensis,,,9,9
Anuran,Ranidae,Odorrana hejiangensis,,,4.9,5.6
Anuran,Ranidae,Odorrana huanggangensis,,,7,8
Anuran,Ranidae,Odorrana jingdongensis,1169,1169,,
Anuran,Ranidae,Odorrana junlianensis,,,5,9
Anuran,Ranidae,Odorrana kuangwuensis,,,,
Anuran,Ranidae,Odorrana leporipes,,,,
Anuran,Ranidae,Odorrana lipuensis,,,,
Anuran,Ranidae,Odorrana lungshengensis,,,6,7
Anuran,Ranidae,Odorrana macrotympana,,250,250,
Anuran,Ranidae,Odorrana margaretae,705,705,12,12
Anuran,Ranidae,Odorrana nanjiangensis,,,,
Anuran,Ranidae,Odorrana nasica,,,,
Anuran,Ranidae,Odorrana nasuta,197,197,5,5
Anuran,Ranidae,Odorrana rotodora,,,,
Anuran,Ranidae,Odorrana schmackeri,1400,2544,7,8
Anuran,Ranidae,Odorrana swinhoana,40,50,11,1
Anuran,Ranidae,Odorrana tianmuii,,,7,7
Anuran,Ranidae,Odorrana tiannanensis,,,6,6
Anuran,Ranidae,Odorrana tormota,490,863,4,5
Anuran,Ranidae,Odorrana versabilis,,,3,3
Anuran,Ranidae,Odorrana wuchuanensis,348,348,5,8
Anuran,Ranidae,Odorrana bacboensis,,,,
Anuran,Ranidae,Odorrana fengkaiensis,,,,
Anuran,Ranidae,Odorrana kweichowensis,,,,
Anuran,Ranidae,Odorrana yentuensis,,,,
Anuran,Ranidae,Odorrana yizhangensis,356,356,6,7
Anuran,Ranidae,Odorrana kweichowensis,,,,
Anuran,Ranidae,Odorrana ichangensis,,,,
Anuran,Ranidae,Pelophylax fukienensis,1048,1048,4,6
Anuran,Ranidae,Pelophylax hubeiensis,1022,1022,4.9,7
Anuran,Ranidae,Pelophylax plancyi,325,3445,4,6
Anuran,Ranidae,Pelophylax nigromaculatus,3000,5500,3.9,4
Anuran,Ranidae,Pelophylax tenggerensis,,,,
Anuran,Ranidae,Pelophylax terentievi,249,4970,5,5
Anuran,Ceratobatrachidae,Liurana alpina,,,,
Anuran,Ceratobatrachidae,Liurana medogensis,,,,
Anuran,Ceratobatrachidae,Liurana xizangensis,,,,
Anuran,Ceratobatrachidae,Liurana vallecula,,,,
Anuran, Dicroglossinae,Hoplobatrachus chinensis,763,2030,3.9,8.6
Anuran, Dicroglossinae,Ingerana borealis,,,,
Anuran, Dicroglossinae,Fejervarya cancrivora,1600,1600,,
Anuran, Dicroglossinae,Fejervarya kawamurai,,,,
Anuran, Dicroglossinae,Fejervarya multistriata,370,2085,4,9
Anuran, Dicroglossinae,Fejervarya sakishimensis,,,,
Anuran, Dicroglossinae,Limnonectes liui,39,39,,
Anuran, Dicroglossinae,Limnonectes bannaensis,,,4,5
Anuran, Dicroglossinae,Limnonectes fragilis,,,2,8
Anuran, Dicroglossinae,Limnonectes fujianensis,32,73,5,5
Anuran, Dicroglossinae,Limnonectes longchuanensis,11,11,,
Anuran, Dicroglossinae,Limnonectes taylori,,,,
Anuran, Dicroglossinae,Nanorana aenea,,,,
Anuran, Dicroglossinae,Nanorana chayuensis,585,585,7,8
Anuran, Dicroglossinae,Nanorana blanfordii,,,5,8
Anuran, Dicroglossinae,Nanorana phrynoides,,,,
Anuran, Dicroglossinae,Nanorana conaensis,,,6,6
Anuran, Dicroglossinae,Nanorana kangxianensis,782,782,,
Anuran, Dicroglossinae,Nanorana liebigii,,,8,9
Anuran, Dicroglossinae,Nanorana maculosa,,,6,7
Anuran, Dicroglossinae,Nanorana medogensis,,,5,6
Anuran, Dicroglossinae,Nanorana parkeri,500,800,5,7
Anuran, Dicroglossinae,Nanorana pleskei,10,100,5.6,6.3
Anuran, Dicroglossinae,Nanorana polunini,94,94,5.6,6.6
Anuran, Dicroglossinae,Nanorana quadranus,641,1230,4,4
Anuran, Dicroglossinae,Nanorana taihangnica,600,600,,
Anuran, Dicroglossinae,Nanorana unculuanus,87,116,7,7
Anuran, Dicroglossinae,Nanorana ventripunctata,290,290,5,8
Anuran, Dicroglossinae,Nanorana rostandi,,,,
Anuran, Dicroglossinae,Nanorana sichuanensis,633,633,6.9,7
Anuran, Dicroglossinae,Nanorana yunnanensis,,,6,7
Anuran, Dicroglossinae,Nanorana arunachalensis,,,,
Anuran, Dicroglossinae,Nanorana zhaoermii,,,,
Anuran, Dicroglossinae,Quasipaa boulengeri,,,5,8
Anuran, Dicroglossinae,Quasipaa exilispinosa,54,107,6,7
Anuran, Dicroglossinae,Quasipaa jiulongensis,,,,
Anuran, Dicroglossinae,Quasipaa shini,,,,
Anuran, Dicroglossinae,Quasipaa spinosa,122,350,5,9
Anuran, Dicroglossinae,Quasipaa verrucospinosa,,,,
Anuran, Dicroglossinae,Quasipaa yei,,,5,8
Anuran, Dicroglossinae,Occidozyga lima,700,700,4,8
Anuran, Dicroglossinae,Occidozyga martensii,215,288,,
Anuran, Dicroglossinae,Minervarya chiangmaiensis,,,,
Anuran,Rhacophoridae,Buergeria japonica,600,600,4,8
Anuran,Rhacophoridae,Buergeria oxycephala,,,5,6
Anuran,Rhacophoridae,Buergeria robusta,,,5,7
Anuran,Rhacophoridae,Buergeria otai,,,,
Anuran,Rhacophoridae,Buergeria choui ,,,,
Anuran,Rhacophoridae,Theloderma baibengense,,,,
Anuran,Rhacophoridae,Theloderma moloch,,,,
Anuran,Rhacophoridae,Theloderma rhododiscus,,,,
Anuran,Rhacophoridae,Theloderma albopunctatum,,,,
Anuran,Rhacophoridae,Theloderma bicolor,,,,
Anuran,Rhacophoridae,Theloderma corticale,,,,
Anuran,Rhacophoridae,Theloderma gordoni,,,,
Anuran,Rhacophoridae,Theloderma pyaukkya,,,,
Anuran,Rhacophoridae,Chirixalus doriae,180,180,5,6
Anuran,Rhacophoridae,Feihyla fuhua,50,50,4,5
Anuran,Rhacophoridae,Feihyla palpebralis,,,,
Anuran,Rhacophoridae,Gracixalus gracilipes,20,20,4,5
Anuran,Rhacophoridae,Gracixalus jinxiuensis,,,,
Anuran,Rhacophoridae,Gracixalus medogensis,,,,
Anuran,Rhacophoridae,Gracixalus nonggangensis,,,,
Anuran,Rhacophoridae,Gracixalus guangdongensis,,,,
Anuran,Rhacophoridae,Gracixalus jinggangensis,,,,
Anuran,Rhacophoridae,Gracixalus tianlinensis,,,,
Anuran,Rhacophoridae,Gracixalus yunnanensis,,,,
Anuran,Rhacophoridae,Gracixalus quangi,,,,
Anuran,Rhacophoridae,Kurixalus bisacculus,,,,
Anuran,Rhacophoridae,Kurixalus eiffingeri,33,129,,
Anuran,Rhacophoridae,Kurixalus idiootocus,180,180,3,9
Anuran,Rhacophoridae,Kurixalus naso,,,,
Anuran,Rhacophoridae,Kurixalus odontotarsus,,,,
Anuran,Rhacophoridae,Kurixalus verrucosus,,,,
Anuran,Rhacophoridae,Kurixalus berylliniris,,,,
Anuran,Rhacophoridae,Kurixalus lenquanensis,,,,
Anuran,Rhacophoridae,Kurixalus wangi,,,,
Anuran,Rhacophoridae,Kurixalus yangi,,,,
Anuran,Rhacophoridae,Kurixalus hainanus,,,,
Anuran,Rhacophoridae,Liuixalus hainanus,,,,
Anuran,Rhacophoridae,Liuixalus jinxiuensis,,,,
Anuran,Rhacophoridae,Liuixalus ocellatus,,,,
Anuran,Rhacophoridae,Liuixalus romeri,120,120,3,9
Anuran,Rhacophoridae,Liuixalus feii,,,,
Anuran,Rhacophoridae,Liuixalus shiwandashan,,,,
Anuran,Rhacophoridae,Philautus kempii,,,,
Anuran,Rhacophoridae,Polypedates braueri,,,,
Anuran,Rhacophoridae,Polypedates impresus,,,,
Anuran,Rhacophoridae,Polypedates megacephalus,250,2410,4,6
Anuran,Rhacophoridae,Polypedates mutus,,,5,7
Anuran,Rhacophoridae,Raorchestes longchuanensis,,,,
Anuran,Rhacophoridae,Raorchestes menglaensis,,,,
Anuran,Rhacophoridae,Raorchestes cangyuanensis,,,,
Anuran,Rhacophoridae,Raorchestes huanglianshan,,,,
Anuran,Rhacophoridae,Raorchestes hillisi,,,,
Anuran,Rhacophoridae,Raorchestes andersoni,,,,
Anuran,Rhacophoridae,Rhacophorus bipunctatus,,,,
Anuran,Rhacophoridae,Rhacophorus kio,113,113,5,6
Anuran,Rhacophoridae,Rhacophorus laoshan,,,5,5
Anuran,Rhacophoridae,Rhacophorus rhodopus,120,134,,
Anuran,Rhacophoridae,Rhacophorus translineatus,4,9,5,8
Anuran,Rhacophoridae,Rhacophorus tuberculatus,,,,
Anuran,Rhacophoridae,Zhangixalus arvalis,104,311,4,8
Anuran,Rhacophoridae,Zhangixalus aurantiventris,,,5,8
Anuran,Rhacophoridae,Zhangixalus burmanus,530,530,6,6
Anuran,Rhacophoridae,Zhangixalus chenfui,,,5,7
Anuran,Rhacophoridae,Zhangixalus dennysi,1329,4041,4,5
Anuran,Rhacophoridae,Zhangixalus dorsoviridis,,,3,3
Anuran,Rhacophoridae,Zhangixalus duboisi,,,,
Anuran,Rhacophoridae,Zhangixalus dugritei,400,400,5,6
Anuran,Rhacophoridae,Zhangixalus feae,,,,
Anuran,Rhacophoridae,Zhangixalus hongchibaensis,,,3,6
Anuran,Rhacophoridae,Zhangixalus hungfuensis,,,6,6
Anuran,Rhacophoridae,Zhangixalus leucofasciatus,,,,
Anuran,Rhacophoridae,Zhangixalus minimus,,,,
Anuran,Rhacophoridae,Zhangixalus moltrechti,180,180,1,8
Anuran,Rhacophoridae,Zhangixalus nigropunctatus,,,4,6
Anuran,Rhacophoridae,Zhangixalus omeimontis,,,4,6
Anuran,Rhacophoridae,Zhangixalus prasinatus,410,410,,
Anuran,Rhacophoridae,Zhangixalus puerensis,,,,
Anuran,Rhacophoridae,Zhangixalus taipeianus,,,,
Anuran,Rhacophoridae,Zhangixalus smaragdinus,,,,
Anuran,Rhacophoridae,Zhangixalus wui,,,4,5
Anuran,Rhacophoridae,Zhangixalus yaoshanensis,,,,
Anuran,Rhacophoridae,Zhangixalus yinggelingensis,,,,
Anuran,Rhacophoridae,Zhangixalus hui,,,,
Anuran,Rhacophoridae,Zhangixalus lishuiensis,,,,
Anuran,Rhacophoridae,Zhangixalus pinglongensis,,,,
Anuran,Rhacophoridae,Zhangixalus zhoukaiyae,,,,
Anuran,Rhacophoridae,Zhangixalus pachyproctus,,,,
Anuran,Rhacophoridae,Zhangixalus franki,,,,
Anuran,Rhacophoridae,Nasutixalus medogensis,,,,
Anuran,Rhacophoridae,Nasutixalus yingjiangensis,,,,
Anuran,Rhacophoridae,Rohanixalus vittatus,63,235,5,8
Anuran,Microhylidae,Kalophrynus interlineatus,,,3,9
Anuran,Microhylidae,Kalophrynus menglienicus,,,,
Anuran,Microhylidae,Glyphoglossus yunnanensis,,,5,6
Anuran,Microhylidae,Kaloula borealis,400,800,7,8
Anuran,Microhylidae,Kaloula nonggangensis,,,,
Anuran,Microhylidae,Kaloula pulchra,4126,4126,3,6
Anuran,Microhylidae,Kaloula rugifera,1663,3277,6,8
Anuran,Microhylidae,Kaloula verrucosa,,,5,7
Anuran,Microhylidae,Microhyla berdmorei,,,,
Anuran,Microhylidae,Microhyla butleri,931,931,5,6
Anuran,Microhylidae,Microhyla fissipes,243,453,3,8
Anuran,Microhylidae,Microhyla heymonsi,106,459,5,6
Anuran,Microhylidae,Microhyla mixtura,400,657,5,6
Anuran,Microhylidae,Microhyla pulchra,968,1741,3,7
Anuran,Microhylidae,Microhyla beilunensis,,,,
Anuran,Microhylidae,Microhyla mukhlesuri,,,,
Anuran,Microhylidae,Microhyla fanjingshanensis,,,,
Anuran,Microhylidae,Micryletta inornata,,,5,5
Anuran,Microhylidae,Micryletta steinegeri,200,350,,
