"X","name","result.category","result.published_year"
1,"Ablepharus deserti","LC",2019
2,"Abroscopus albogularis","LC",2016
3,"Abroscopus schisticeps","LC",2016
4,"Abroscopus superciliaris","LC",2016
5,"Acanthosaura lepidogaster","LC",2019
6,"Accipiter badius","LC",2021
7,"Accipiter gentilis","LC",2021
8,"Accipiter gularis","LC",2021
9,"Accipiter nisus","LC",2021
10,"Accipiter soloensis","LC",2021
11,"Accipiter trivirgatus","LC",2016
12,"Accipiter virgatus","LC",2021
13,"Aceros nipalensis","VU",2020
14,"Achalinus ater","LC",2012
15,"Achalinus formosanus","LC",2017
16,"Achalinus hainanus","VU",2017
17,"Achalinus jinggangensis","CR",2014
18,"Achalinus meiguensis","LC",2012
19,"Achalinus niger","LC",2012
20,"Achalinus rufescens","LC",2012
21,"Achalinus spinalis","LC",2017
22,"Acridotheres albocinctus","LC",2017
23,"Acridotheres burmannicus","LC",2016
24,"Acridotheres cristatellus","LC",2016
25,"Acridotheres ginginianus","LC",2018
26,"Acridotheres grandis","LC",2016
27,"Acridotheres tristis","LC",2017
28,"Acrocephalus agricola","LC",2017
29,"Acrocephalus arundinaceus","LC",2017
30,"Acrocephalus bistrigiceps","LC",2017
31,"Acrocephalus concinens","LC",2017
32,"Acrocephalus dumetorum","LC",2017
33,"Acrocephalus orientalis","LC",2016
34,"Acrocephalus schoenobaenus","LC",2016
35,"Acrocephalus scirpaceus","LC",2019
36,"Acrocephalus stentoreus","LC",2019
37,"Acrocephalus tangorum","VU",2017
38,"Acrochordus granulatus","LC",2022
39,"Actinodura egertoni","LC",2018
40,"Actinodura radcliffei","LC",2016
41,"Actitis hypoleucos","LC",2016
42,"Aegithalos bonvaloti","LC",2016
43,"Aegithalos caudatus","LC",2016
44,"Aegithalos concinnus","LC",2016
45,"Aegithalos fuliginosus","LC",2017
46,"Aegithalos glaucogularis","LC",2016
47,"Aegithalos iouschistos","LC",2018
48,"Aegithalos iredalei","LC",2018
49,"Aegithina lafresnayei","LC",2016
50,"Aegithina tiphia","LC",2016
51,"Aegolius funereus","LC",2021
52,"Aegypius monachus","NT",2021
53,"Aeretes melanopterus","NT",2016
54,"Aerodramus brevirostris","LC",2017
55,"Aerodramus fuciphagus","LC",2016
56,"Aethopyga christinae","LC",2016
57,"Aethopyga gouldiae","LC",2016
58,"Aethopyga ignicauda","LC",2018
59,"Aethopyga latouchii","LC",2016
60,"Aethopyga nipalensis","LC",2016
61,"Aethopyga saturata","LC",2016
62,"Aethopyga siparaja","LC",2016
63,"Agraphospiza rubescens","LC",2016
64,"Agropsar sturninus","LC",2016
65,"Ahaetulla prasina","LC",2021
66,"Ailuropoda melanoleuca","VU",2016
67,"Ailurus fulgens","EN",2015
68,"Aipysurus eydouxii","LC",2010
69,"Aix galericulata","LC",2018
70,"Alauda arvensis","LC",2018
71,"Alauda gulgula","LC",2016
72,"Alaudala rufescens","LC",2019
73,"Alauda leucoptera","LC",2018
74,"Alcedo atthis","LC",2016
75,"Alcedo hercules","NT",2016
76,"Alcedo meninting","LC",2016
77,"Alces alces","LC",2016
78,"Alcippe morrisonia","LC",2016
79,"Alcippe nipalensis","LC",2018
80,"Alcippe poioicephala","LC",2017
81,"Alcurus striatus","LC",2016
82,"Alectoris chukar","LC",2019
83,"Alectoris magna","LC",2016
84,"Alexandrinus krameri","LC",2018
85,"Allactaga balikunica","LC",2016
86,"Allactaga bullata","LC",2016
87,"Allactaga major","LC",2016
88,"Allactaga sibirica","LC",2016
89,"Alligator sinensis","CR",2018
90,"Allocricetulus curtatus","LC",2016
91,"Allocricetulus eversmanni","LC",2016
92,"Alophoixus flaveolus","LC",2016
93,"Alophoixus pallidus","LC",2017
94,"Alsophylax pipiens","LC",2019
95,"Alsophylax przewalskii","LC",2019
96,"Alticola argentatus","LC",2016
97,"Alticola barakshin","LC",2016
98,"Alticola macrotis","LC",2016
99,"Alticola semicanus","LC",2016
100,"Alticola stoliczkanus","LC",2016
101,"Alticola strelzowi","LC",2016
102,"Altiphylax stoliczkai","LC",2021
103,"Amandava amandava","LC",2016
104,"Amaurornis phoenicurus","LC",2016
105,"Amolops albispinus","VU",2020
106,"Amolops aniqiaoensis","VU",2020
107,"Amolops bellulus","DD",2004
108,"Amolops chayuensis","DD",2020
109,"Amolops chunganensis","LC",2020
110,"Amolops daiyunensis","NT",2020
111,"Amolops formosus","LC",2004
112,"Amolops gerbillus","LC",2004
113,"Amolops granulosus","LC",2020
114,"Amolops hainanensis","EN",2020
115,"Amolops hongkongensis","EN",2021
116,"Amolops jinjiangensis","LC",2020
117,"Amolops kaulbacki","DD",2021
118,"Amolops lifanensis","LC",2020
119,"Amolops loloensis","VU",2020
120,"Amolops longimanus","DD",2021
121,"Amolops mantzorum","LC",2020
122,"Amolops marmoratus","LC",2004
123,"Amolops medogensis","EN",2020
124,"Amolops mengdingensis","DD",2020
125,"Amolops mengyangensis","LC",2008
126,"Amolops minutus","EN",2017
127,"Amolops monticola","LC",2004
128,"Amolops nyingchiensis","NT",2020
129,"Amolops ricketti","LC",2004
130,"Amolops shuichengicus","DD",2020
131,"Amolops splendissimus","VU",2017
132,"Amolops torrentis","VU",2020
133,"Amolops tuberodepressus","VU",2020
134,"Amolops viridimaculatus","NT",2004
135,"Amolops wenshanensis","DD",2020
136,"Amolops wuyiensis","LC",2020
137,"Amolops xinduqiao","LC",2020
138,"Amolops yunkaiensis","NT",2020
139,"Ampeliceps coronatus","LC",2017
140,"Amphiesmoides ornaticeps","LC",2012
141,"Anas acuta","LC",2019
142,"Anas crecca","LC",2020
143,"Anas platyrhynchos","LC",2019
144,"Anas poecilorhyncha","LC",2016
145,"Anas zonorhyncha","LC",2018
146,"Andrias davidianus","CR",2004
147,"Anorrhinus austeni","NT",2018
148,"Anourosorex squamipes","LC",2016
149,"Anourosorex yamashinai","LC",2016
150,"Anser anser","LC",2018
151,"Anser cygnoid","VU",2016
152,"Anser fabalis","LC",2018
153,"Anser indicus","LC",2018
154,"Anthipes monileger","LC",2016
155,"Anthracoceros albirostris","LC",2020
156,"Anthropoides virgo","LC",2018
157,"Anthus campestris","LC",2018
158,"Anthus godlewskii","LC",2016
159,"Anthus gustavi","LC",2018
160,"Anthus hodgsoni","LC",2016
161,"Anthus richardi","LC",2019
162,"Anthus roseatus","LC",2019
163,"Anthus rubescens","LC",2019
164,"Anthus rufulus","LC",2016
165,"Anthus spinoletta","LC",2018
166,"Anthus sylvanus","LC",2018
167,"Anthus trivialis","LC",2018
168,"Aonyx cinereus","VU",2021
169,"Apodemus agrarius","LC",2016
170,"Apodemus chevrieri","LC",2016
171,"Apodemus draco","LC",2016
172,"Apodemus latronum","LC",2016
173,"Apodemus pallipes","LC",2016
174,"Apodemus peninsulae","LC",2016
175,"Apodemus semotus","LC",2016
176,"Apodemus uralensis","LC",2016
177,"Apus apus","LC",2016
178,"Apus nipalensis","LC",2016
179,"Apus pacificus","LC",2019
180,"Aquila chrysaetos","LC",2021
181,"Aquila fasciata","LC",2019
182,"Aquila heliaca","VU",2019
183,"Aquila nipalensis","EN",2021
184,"Arachnothera longirostra","LC",2016
185,"Arachnothera magna","LC",2016
186,"Arborophila ardens","VU",2016
187,"Arborophila atrogularis","NT",2016
188,"Arborophila brunneopectus","LC",2016
189,"Arborophila crudigularis","LC",2016
190,"Arborophila gingica","NT",2016
191,"Arborophila mandellii","NT",2022
192,"Arborophila rufipectus","EN",2016
193,"Arborophila rufogularis","LC",2016
194,"Arborophila torqueola","LC",2018
195,"Archelaphe bella","LC",2018
196,"Arctictis binturong","VU",2016
197,"Arctogalidia trivirgata","LC",2016
198,"Arctonyx albogularis","LC",2016
199,"Arctonyx collaris","VU",2016
200,"Ardea alba","LC",2019
201,"Ardea cinerea","LC",2019
202,"Ardea intermedia","LC",2020
203,"Ardea purpurea","LC",2019
204,"Ardenna pacifica","LC",2018
205,"Ardeola bacchus","LC",2016
206,"Argyrophis diardii","LC",2021
207,"Argyrophis koshunensis","DD",2012
208,"Arielulus circumdatus","LC",2019
209,"Arielulus torquatus","LC",2019
210,"Artamus fuscus","LC",2016
211,"Arundinax aedon","LC",2016
212,"Arvicola amphibius","LC",2021
213,"Aselliscus stoliczkanus","LC",2008
214,"Asio flammeus","LC",2021
215,"Asio otus","LC",2021
216,"Asymblepharus alaicus","LC",2019
217,"Ateuchosaurus chinensis","LC",2019
218,"Athene noctua","LC",2019
219,"Atherurus macrourus","LC",2020
220,"Aviceda jerdoni","LC",2020
221,"Aviceda leuphotes","LC",2021
222,"Axis porcinus","EN",2015
223,"Aythya baeri","CR",2019
224,"Aythya ferina","VU",2021
225,"Aythya fuligula","LC",2016
226,"Aythya nyroca","NT",2019
227,"Balaenoptera acutorostrata","LC",2018
228,"Balaenoptera edeni","LC",2018
229,"Balaenoptera musculus","EN",2018
230,"Balaenoptera omurai","DD",2019
231,"Balaenoptera physalus","VU",2018
232,"Bambusicola fytchii","LC",2016
233,"Bambusicola sonorivox","LC",2016
234,"Bambusicola thoracicus","LC",2016
235,"Bandicota indica","LC",2016
236,"Barbastella beijingensis","DD",2021
237,"Barbastella darjelingensis","LC",2021
238,"Barbastella leucomelas","LC",2017
239,"Batrachostomus hodgsoni","LC",2018
240,"Batrachuperus karlschmidti","VU",2004
241,"Batrachuperus londongensis","EN",2020
242,"Batrachuperus pinchonii","VU",2021
243,"Batrachuperus tibetanus","VU",2020
244,"Batrachuperus yenyuanensis","EN",2020
245,"Belomys pearsonii","DD",2016
246,"Berylmys berdmorei","LC",2016
247,"Berylmys bowersi","LC",2016
248,"Berylmys mackenziei","DD",2016
249,"Berylmys manipulus","DD",2016
250,"Blarinella griselda","LC",2016
251,"Blarinella quadraticauda","NT",2016
252,"Blarinella wardi","LC",2016
253,"Blythipicus pyrrhotis","LC",2018
254,"Boiga guangxiensis","LC",2012
255,"Boiga kraepelini","LC",2012
256,"Bombina fortinuptialis","VU",2004
257,"Bombina lichuanensis","VU",2004
258,"Bombina maxima","LC",2004
259,"Bombina microdeladigitora","VU",2004
260,"Bombina orientalis","LC",2020
261,"Bombycilla japonica","NT",2018
262,"Bonasa bonasia","LC",2016
263,"Bonasa sewerzowi","NT",2017
264,"Bos gaurus","VU",2016
265,"Bos mutus","VU",2016
266,"Botaurus stellaris","LC",2016
267,"Brachiones przewalskii","LC",2016
268,"Brachypodius atriceps","LC",2016
269,"Brachypteryx cruralis","LC",2016
270,"Brachypteryx goodfellowi","LC",2016
271,"Brachypteryx hyperythra","NT",2018
272,"Brachypteryx leucophris","LC",2016
273,"Brachypteryx sinensis","LC",2016
274,"Bubo blakistoni","EN",2016
275,"Bubo bubo","LC",2017
276,"Bubo coromandus","LC",2016
277,"Bubo nipalensis","LC",2018
278,"Bubulcus ibis","LC",2019
279,"Bucanetes mongolicus","LC",2018
280,"Bucephala clangula","LC",2018
281,"Buceros bicornis","VU",2020
282,"Budorcas taxicolor","VU",2008
283,"Buergeria choui","LC",2021
284,"Buergeria otai","LC",2021
285,"Buergeria oxycephala","VU",2020
286,"Buergeria robusta","LC",2020
287,"Bufo ailaoanus","EN",2020
288,"Bufo aspinius","EN",2020
289,"Bufo bankorensis","LC",2020
290,"Bufo cryptotympanicus","LC",2021
291,"Bufo gargarizans","LC",2021
292,"Bufo luchunnicus","CR",2020
293,"Bufo menglianus","DD",2020
294,"Bufo pageoti","NT",2004
295,"Bufo stejnegeri","LC",2020
296,"Bufotes zamdaensis","DD",2008
297,"Bufo tuberculatus","NT",2020
298,"Bufo tuberospinius","CR",2020
299,"Bulweria bulwerii","LC",2018
300,"Bungarus fasciatus","LC",2013
301,"Bungarus magnimaculatus","LC",2012
302,"Bungarus multicinctus","LC",2012
303,"Bungarus wanghaotingi","LC",2012
304,"Burhinus oedicnemus","LC",2018
305,"Butastur indicus","LC",2021
306,"Butastur liventer","LC",2017
307,"Butastur teesa","LC",2016
308,"Buteo buteo","LC",2021
309,"Buteo hemilasius","LC",2021
310,"Buteo japonicus","LC",2021
311,"Buteo refectus","LC",2016
312,"Buteo rufinus","LC",2021
313,"Butorides striata","LC",2016
314,"Cacomantis merulinus","LC",2016
315,"Cacomantis sonneratii","LC",2016
316,"Calamaria pavimentata","LC",2012
317,"Calamaria septentrionalis","LC",2012
318,"Calamaria yunnanensis","EN",2012
319,"Calandrella acutirostris","LC",2016
320,"Calandrella brachydactyla","LC",2018
321,"Calandrella dukhunensis","LC",2016
322,"Calliope calliope","LC",2016
323,"Calliope obscura","VU",2020
324,"Calliope pectardens","NT",2019
325,"Calliope pectoralis","LC",2018
326,"Calliope tschebaiewi","LC",2018
327,"Callorhinus ursinus","VU",2015
328,"Callosciurus caniceps","LC",2016
329,"Callosciurus erythraeus","LC",2017
330,"Callosciurus inornatus","LC",2016
331,"Callosciurus phayrei","LC",2016
332,"Callosciurus pygerythrus","LC",2016
333,"Callosciurus quinquestriatus","LC",2019
334,"Calonectris leucomelas","NT",2018
335,"Calotes medogensis","LC",2019
336,"Camelus ferus","CR",2008
337,"Canis lupus","LC",2018
338,"Cansumys canus","LC",2016
339,"Capra sibirica","NT",2020
340,"Capreolus pygargus","LC",2016
341,"Capricornis rubidus","VU",2022
342,"Capricornis sumatraensis","VU",2020
343,"Capricornis swinhoei","LC",2008
344,"Caprimulgus affinis","LC",2016
345,"Caprimulgus europaeus","LC",2016
346,"Caprimulgus jotaka","LC",2016
347,"Caprimulgus macrurus","LC",2016
348,"Cardiocranius paradoxus","DD",2016
349,"Carduelis caniceps","LC",2017
350,"Caretta caretta","VU",2017
351,"Carpodacus dubius","LC",2018
352,"Carpodacus edwardsii","LC",2018
353,"Carpodacus erythrinus","LC",2017
354,"Carpodacus formosanus","LC",2016
355,"Carpodacus pulcherrimus","LC",2018
356,"Carpodacus puniceus","LC",2017
357,"Carpodacus rhodochlamys","LC",2018
358,"Carpodacus roborowskii","LC",2016
359,"Carpodacus rodochroa","LC",2018
360,"Carpodacus rodopeplus","LC",2016
361,"Carpodacus rubicilla","LC",2016
362,"Carpodacus rubicilloides","LC",2018
363,"Carpodacus sibiricus","LC",2018
364,"Carpodacus sillemi","DD",2020
365,"Carpodacus sipahi","LC",2016
366,"Carpodacus stoliczkae","LC",2016
367,"Carpodacus subhimachalus","LC",2018
368,"Carpodacus thura","LC",2016
369,"Carpodacus trifasciatus","LC",2016
370,"Carpodacus verreauxii","LC",2016
371,"Carpodacus vinaceus","LC",2016
372,"Carpodacus waltoni","LC",2016
373,"Caryomys eva","LC",2016
374,"Caryomys inez","LC",2016
375,"Catopuma temminckii","NT",2015
376,"Cecropis daurica","LC",2017
377,"Centropus bengalensis","LC",2016
378,"Centropus sinensis","LC",2016
379,"Cephalopyrus flammiceps","LC",2016
380,"Certhia discolor","LC",2016
381,"Certhia himalayana","LC",2016
382,"Certhia hodgsoni","LC",2018
383,"Certhia nipalensis","LC",2016
384,"Certhia tianquanensis","LC",2019
385,"Cervus albirostris","VU",2015
386,"Cervus canadensis","LC",2018
387,"Cervus hanglu","LC",2017
388,"Cervus nippon","LC",2015
389,"Ceryle rudis","LC",2017
390,"Cettia brunnifrons","LC",2016
391,"Cettia castaneocoronata","LC",2016
392,"Cettia cetti","LC",2017
393,"Cettia major","LC",2016
394,"Ceyx erithaca","LC",2016
395,"Chaerephon plicatus","LC",2020
396,"Chaetocauda sichuanensis","DD",2016
397,"Chalcoparia singalensis","LC",2016
398,"Chalcophaps indica","LC",2016
399,"Charadrius alexandrinus","LC",2019
400,"Charadrius asiaticus","LC",2018
401,"Charadrius dealbatus","DD",2016
402,"Charadrius dubius","LC",2019
403,"Charadrius leschenaultii","LC",2019
404,"Charadrius mongolus","LC",2016
405,"Charadrius placidus","LC",2016
406,"Charadrius veredus","LC",2016
407,"Chelidorhynx hypoxanthus","LC",2016
408,"Chimarrogale himalayica","LC",2016
409,"Chimarrogale styani","LC",2016
410,"Chirixalus doriae","LC",2004
411,"Chirixalus nongkhorensis","LC",2017
412,"Chiromyscus chiropus","LC",2016
413,"Chiropodomys gliroides","LC",2016
414,"Chlamydotis macqueenii","VU",2021
415,"Chlidonias hybrida","LC",2017
416,"Chlidonias leucopterus","LC",2016
417,"Chlidonias niger","LC",2019
418,"Chloris ambigua","LC",2016
419,"Chloris sinica","LC",2018
420,"Chloris spinoides","LC",2016
421,"Chloropsis aurifrons","LC",2016
422,"Chloropsis hardwickii","LC",2016
423,"Chloropsis lazulina","LC",2016
424,"Chloropsis moluccensis","LC",2016
425,"Chodsigoa caovansunga","DD",2016
426,"Chodsigoa hypsibia","LC",2016
427,"Chodsigoa lamula","LC",2016
428,"Chodsigoa parca","LC",2016
429,"Chodsigoa parva","DD",2016
430,"Chodsigoa salenskii","DD",2016
431,"Chodsigoa smithii","NT",2016
432,"Chodsigoa sodalis","DD",2016
433,"Chrotogale owstoni","EN",2016
434,"Chrysococcyx maculatus","LC",2018
435,"Chrysococcyx xanthorhynchus","LC",2018
436,"Chrysocolaptes guttacristatus","LC",2016
437,"Chrysolophus amherstiae","LC",2018
438,"Chrysolophus pictus","LC",2018
439,"Chrysominla strigula","LC",2016
440,"Chrysomma sinense","LC",2016
441,"Chrysophlegma flavinucha","LC",2018
442,"Ciconia boyciana","EN",2018
443,"Ciconia ciconia","LC",2016
444,"Ciconia episcopus","NT",2020
445,"Ciconia nigra","LC",2017
446,"Cinclidium frontale","LC",2016
447,"Cinclus cinclus","LC",2018
448,"Cinclus pallasii","LC",2016
449,"Cinnyris asiaticus","LC",2019
450,"Cinnyris jugularis","LC",2016
451,"Circaetus gallicus","LC",2021
452,"Circus aeruginosus","LC",2021
453,"Circus cyaneus","LC",2021
454,"Circus macrourus","NT",2021
455,"Circus melanoleucos","LC",2021
456,"Circus pygargus","LC",2021
457,"Circus spilonotus","LC",2021
458,"Cissa chinensis","LC",2018
459,"Cissa hypoleuca","LC",2016
460,"Cisticola exilis","LC",2016
461,"Cisticola juncidis","LC",2017
462,"Clamator coromandus","LC",2016
463,"Clamator jacobinus","LC",2016
464,"Clanga clanga","VU",2021
465,"Clinotarsus alticola","LC",2004
466,"Coccothraustes coccothraustes","LC",2017
467,"Cochoa purpurea","LC",2016
468,"Cochoa viridis","LC",2016
469,"Coelops frithii","NT",2019
470,"Columba eversmanni","VU",2017
471,"Columba hodgsonii","LC",2016
472,"Columba leuconota","LC",2016
473,"Columba livia","LC",2019
474,"Columba oenas","LC",2016
475,"Columba palumbus","LC",2018
476,"Columba pulchricollis","LC",2016
477,"Columba punicea","VU",2020
478,"Columba rupestris","LC",2016
479,"Copsychus saularis","LC",2021
480,"Coracias affinis","LC",2016
481,"Coracias garrulus","LC",2019
482,"Coracina javensis","LC",2020
483,"Corvus corax","LC",2017
484,"Corvus corone","LC",2017
485,"Corvus dauuricus","LC",2016
486,"Corvus frugilegus","LC",2017
487,"Corvus macrorhynchos","LC",2016
488,"Corvus monedula","LC",2018
489,"Corvus pectoralis","VU",2018
490,"Corvus splendens","LC",2018
491,"Coturnicops exquisitus","VU",2016
492,"Coturnix coturnix","LC",2018
493,"Coturnix japonica","NT",2016
494,"Crex crex","LC",2016
495,"Cricetulus alticola","LC",2016
496,"Cricetulus barabensis","LC",2016
497,"Cricetulus kamensis","LC",2016
498,"Cricetulus lama","LC",2017
499,"Cricetulus longicaudatus","LC",2016
500,"Cricetulus migratorius","LC",2016
501,"Cricetulus sokolovi","LC",2016
502,"Cricetulus tibetanus","LC",2017
503,"Cricetus cricetus","CR",2020
504,"Crocidura attenuata","LC",2017
505,"Crocidura fuliginosa","LC",2016
506,"Crocidura gmelini","LC",2017
507,"Crocidura indochinensis","LC",2016
508,"Crocidura lasiura","LC",2016
509,"Crocidura rapax","DD",2016
510,"Crocidura shantungensis","LC",2016
511,"Crocidura sibirica","LC",2016
512,"Crocidura suaveolens","LC",2016
513,"Crocidura tanakae","LC",2016
514,"Crocidura vorax","LC",2016
515,"Crocidura wuchihensis","DD",2016
516,"Crossoptilon auritum","LC",2016
517,"Crossoptilon crossoptilon","NT",2016
518,"Crossoptilon harmani","NT",2016
519,"Crossoptilon mantchuricum","VU",2016
520,"Crypsirina temia","LC",2017
521,"Cuculus canorus","LC",2019
522,"Cuculus micropterus","LC",2018
523,"Cuculus poliocephalus","LC",2016
524,"Cuculus saturatus","LC",2021
525,"Culicicapa ceylonensis","LC",2016
526,"Cuon alpinus","EN",2015
527,"Cuora galbinifrons","CR",2020
528,"Cuora mouhotii","EN",2020
529,"Cuora trifasciata","CR",2020
530,"Cutia nipalensis","LC",2016
531,"Cyanecula svecica","LC",2019
532,"Cyanistes cyanus","LC",2016
533,"Cyanoderma chrysaeum","LC",2016
534,"Cyanoderma ruficeps","LC",2016
535,"Cyanoderma rufifrons","LC",2016
536,"Cyanopica cyanus","LC",2017
537,"Cyanoptila cumatilis","NT",2016
538,"Cyanoptila cyanomelana","LC",2017
539,"Cygnus cygnus","LC",2016
540,"Cygnus olor","LC",2016
541,"Cylindrophis ruffus","LC",2012
542,"Cynops chenggongensis","CR",2020
543,"Cynops cyanurus","LC",2004
544,"Cynops glaucus","CR",2020
545,"Cynops orientalis","LC",2020
546,"Cynops orphicus","EN",2020
547,"Cynops wolterstorffi","EX",2020
548,"Cynops yunnanensis","VU",2020
549,"Cynopterus brachyotis","LC",2019
550,"Cynopterus sphinx","LC",2019
551,"Cyornis banyumas","LC",2019
552,"Cyornis brunneatus","VU",2016
553,"Cyornis concretus","LC",2016
554,"Cyornis glaucicomans","LC",2016
555,"Cyornis hainanus","LC",2017
556,"Cyornis poliogenys","LC",2018
557,"Cyornis rubeculoides","LC",2017
558,"Cyornis unicolor","LC",2016
559,"Cypsiurus balasiensis","LC",2016
560,"Cyrtodactylus cayuensis","LC",2021
561,"Cyrtodactylus medogensis","LC",2021
562,"Cyrtodactylus tibetanus","LC",2019
563,"Cyrtodactylus zhaoermii","LC",2019
564,"Dacnomys millardi","DD",2016
565,"Delichon dasypus","LC",2016
566,"Delichon lagopodum","LC",2016
567,"Delichon nipalense","LC",2016
568,"Delichon urbicum","LC",2017
569,"Delphinus delphis","LC",2021
570,"Dendrelaphis hollinrakei","DD",2012
571,"Dendrelaphis ngansonensis","LC",2012
572,"Dendrelaphis subocularis","LC",2012
573,"Dendrocitta formosae","LC",2016
574,"Dendrocitta frontalis","LC",2018
575,"Dendrocopos atratus","LC",2016
576,"Dendrocopos darjellensis","LC",2016
577,"Dendrocopos hyperythrus","LC",2016
578,"Dendrocopos leucopterus","LC",2016
579,"Dendrocopos leucotos","LC",2020
580,"Dendrocopos major","LC",2016
581,"Dendrocygna javanica","LC",2016
582,"Dendronanthus indicus","LC",2016
583,"Dermochelys coriacea","VU",2013
584,"Dibamus bogadeki","EN",2019
585,"Dibamus bourreti","LC",2019
586,"Dicaeum chrysorrheum","LC",2016
587,"Dicaeum cruentatum","LC",2016
588,"Dicaeum ignipectus","LC",2016
589,"Dicaeum melanozanthum","LC",2016
590,"Dicaeum minullum","LC",2016
591,"Dicrurus aeneus","LC",2016
592,"Dicrurus annectens","LC",2017
593,"Dicrurus hottentottus","LC",2016
594,"Dicrurus leucophaeus","LC",2016
595,"Dicrurus macrocercus","LC",2016
596,"Dicrurus paradiseus","LC",2016
597,"Dicrurus remifer","LC",2016
598,"Dinopium javanense","LC",2017
599,"Diploderma batangensis","LC",2019
600,"Diploderma brevicauda","LC",2019
601,"Diploderma brevipes","VU",2021
602,"Diploderma dymondi","LC",2019
603,"Diploderma fasciata","LC",2019
604,"Diploderma flaviceps","LC",2019
605,"Diploderma grahami","DD",2019
606,"Diploderma iadinum","NT",2019
607,"Diploderma laeviventre","LC",2019
608,"Diploderma luei","EN",2019
609,"Diploderma makii","VU",2019
610,"Diploderma micangshanensis","LC",2019
611,"Diploderma polygonatum","NT",2021
612,"Diploderma slowinskii","DD",2021
613,"Diploderma splendidum","LC",2021
614,"Diploderma swinhonis","LC",2019
615,"Diploderma varcoae","LC",2019
616,"Diploderma vela","LC",2019
617,"Diploderma yulongense","LC",2021
618,"Diploderma yunnanense","LC",2019
619,"Diploderma zhaoermii","LC",2019
620,"Dipus sagitta","LC",2016
621,"Dopasia hainanensis","LC",2019
622,"Dopasia harti","LC",2021
623,"Dopasia ludovici","LC",2019
624,"Draco blanfordii","LC",2019
625,"Draco maculatus","LC",2021
626,"Dremomys gularis","DD",2019
627,"Dremomys lokriah","LC",2016
628,"Dremomys pernyi","LC",2016
629,"Dremomys pyrrhomerus","LC",2016
630,"Dremomys rufigenis","LC",2017
631,"Dryobates cathpharius","LC",2016
632,"Dryobates minor","LC",2018
633,"Dryobates pernyii","LC",2016
634,"Dryocopus javensis","LC",2016
635,"Dryocopus martius","LC",2016
636,"Dryomys nitedula","LC",2016
637,"Dryophytes immaculatus","LC",2017
638,"Dryophytes japonicus","LC",2017
639,"Ducula aenea","NT",2021
640,"Ducula badia","LC",2016
641,"Dugong dugon","VU",2019
642,"Duttaphrynus himalayanus","LC",2004
643,"Duttaphrynus melanostictus","LC",2004
644,"Duttaphrynus stomaticus","LC",2009
645,"Echinotriton chinhaiensis","CR",2004
646,"Egretta eulophotes","VU",2016
647,"Egretta garzetta","LC",2016
648,"Egretta sacra","LC",2018
649,"Elachura formosa","LC",2016
650,"Elanus caeruleus","LC",2019
651,"Elaphe bimaculata","LC",2012
652,"Elaphe carinata","LC",2021
653,"Elaphe davidi","DD",2021
654,"Elaphe dione","LC",2017
655,"Elaphe moellendorffi","VU",2012
656,"Elaphe schrenckii","LC",2021
657,"Elaphodus cephalophus","NT",2015
658,"Elaphurus davidianus","EW",2016
659,"Elephas maximus","EN",2020
660,"Ellobius tancrei","LC",2016
661,"Emberiza aureola","CR",2017
662,"Emberiza bruniceps","LC",2017
663,"Emberiza buchanani","LC",2017
664,"Emberiza calandra","LC",2019
665,"Emberiza cia","LC",2017
666,"Emberiza cioides","LC",2016
667,"Emberiza citrinella","LC",2016
668,"Emberiza elegans","LC",2018
669,"Emberiza fucata","LC",2016
670,"Emberiza godlewskii","LC",2018
671,"Emberiza hortulana","LC",2017
672,"Emberiza jankowskii","EN",2018
673,"Emberiza koslowi","NT",2017
674,"Emberiza lathami","LC",2016
675,"Emberiza leucocephalos","LC",2017
676,"Emberiza pallasi","LC",2019
677,"Emberiza pusilla","LC",2017
678,"Emberiza rustica","VU",2016
679,"Emberiza rutila","LC",2016
680,"Emberiza schoeniclus","LC",2019
681,"Emberiza siemsseni","LC",2019
682,"Emberiza spodocephala","LC",2016
683,"Emberiza tristrami","LC",2016
684,"Emberiza yessoensis","NT",2020
685,"Emydocephalus ijimae","LC",2010
686,"Enicurus leschenaulti","LC",2016
687,"Enicurus maculatus","LC",2016
688,"Enicurus schistaceus","LC",2016
689,"Enicurus scouleri","LC",2018
690,"Eolagurus luteus","LC",2016
691,"Eolagurus przewalskii","LC",2016
692,"Eonycteris spelaea","LC",2020
693,"Eophona migratoria","LC",2016
694,"Eophona personata","LC",2018
695,"Eospalax fontanierii","LC",2016
696,"Eospalax rothschildi","LC",2016
697,"Eospalax smithii","LC",2016
698,"Eothenomys cachinus","LC",2016
699,"Eothenomys chinensis","LC",2016
700,"Eothenomys custos","LC",2016
701,"Eothenomys melanogaster","LC",2016
702,"Eothenomys miletus","LC",2016
703,"Eothenomys olitor","LC",2016
704,"Eothenomys proditor","DD",2019
705,"Eothenomys wardi","NT",2016
706,"Eozapus setchuanus","LC",2016
707,"Episoriculus caudatus","LC",2016
708,"Episoriculus fumidus","LC",2016
709,"Episoriculus leucops","LC",2016
710,"Episoriculus macrurus","LC",2016
711,"Eptesicus gobiensis","LC",2019
712,"Eptesicus nilssonii","LC",2016
713,"Eptesicus pachyomus","LC",2019
714,"Eptesicus pachyotis","LC",2019
715,"Eptesicus serotinus","LC",2021
716,"Equus ferus","EN",2015
717,"Equus hemionus","NT",2020
718,"Equus kiang","LC",2015
719,"Eremias argus","LC",2019
720,"Eremias arguta","LC",2019
721,"Eremias brenchleyi","LC",2019
722,"Eremias buechneri","LC",2021
723,"Eremias grammica","LC",2019
724,"Eremias kokshaaliensis","DD",2021
725,"Eremias multiocellata","LC",2021
726,"Eremias przewalskii","LC",2019
727,"Eremias quadrifrons","DD",2019
728,"Eremias stummeri","LC",2019
729,"Eremias velox","LC",2019
730,"Eremias vermiculata","LC",2019
731,"Eremias yarkandensis","LC",2021
732,"Eremophila alpestris","LC",2019
733,"Eretmochelys imbricata","CR",2008
734,"Erinaceus amurensis","LC",2016
735,"Erpornis zantholeuca","LC",2016
736,"Erythrogenys erythrocnemis","LC",2016
737,"Erythrogenys erythrogenys","LC",2016
738,"Erythrogenys gravivox","LC",2018
739,"Erythrogenys hypoleucos","LC",2016
740,"Erythrogenys swinhoei","LC",2018
741,"Eryx tataricus","LC",2021
742,"Esacus recurvirostris","NT",2017
743,"Eschrichtius robustus","LC",2018
744,"Euchoreutes naso","LC",2016
745,"Eudromias morinellus","LC",2016
746,"Eudynamys scolopaceus","LC",2016
747,"Eumyias thalassinus","LC",2016
748,"Euprepiophis mandarinus","LC",2012
749,"Euprepiophis perlacea","EN",2012
750,"Euroscaptor grandis","LC",2016
751,"Euroscaptor klossi","LC",2016
752,"Euroscaptor longirostris","LC",2016
753,"Euroscaptor micrura","LC",2016
754,"Euroscaptor parvidens","DD",2016
755,"Eurystomus orientalis","LC",2016
756,"Eutamias sibiricus","LC",2016
757,"Eutropis longicaudata","LC",2019
758,"Eutropis multifasciata","LC",2018
759,"Falco amurensis","LC",2021
760,"Falco cherrug","EN",2021
761,"Falco columbarius","LC",2021
762,"Falco naumanni","LC",2021
763,"Falco peregrinus","LC",2021
764,"Falco severus","LC",2021
765,"Falco subbuteo","LC",2021
766,"Falco tinnunculus","LC",2021
767,"Falco vespertinus","VU",2021
768,"Feihyla fuhua","LC",2020
769,"Feihyla palpebralis","NT",2004
770,"Fejervarya cancrivora","LC",2004
771,"Fejervarya limnocharis","LC",2004
772,"Fejervarya multistriata","DD",2004
773,"Felis bieti","VU",2022
774,"Felis chaus","LC",2021
775,"Felis silvestris","LC",2022
776,"Feresa attenuata","LC",2018
777,"Ficedula albicilla","LC",2017
778,"Ficedula elisae","LC",2016
779,"Ficedula erithacus","LC",2016
780,"Ficedula hodgsoni","LC",2020
781,"Ficedula hyperythra","LC",2017
782,"Ficedula mugimaki","LC",2016
783,"Ficedula sapphira","LC",2016
784,"Ficedula strophiata","LC",2016
785,"Ficedula superciliaris","LC",2020
786,"Ficedula tricolor","LC",2016
787,"Ficedula westermanni","LC",2016
788,"Ficedula zanthopygia","LC",2016
789,"Fowlea flavipunctatus","LC",2012
790,"Francolinus pintadeanus","LC",2016
791,"Fregata ariel","LC",2018
792,"Fringilla coelebs","LC",2019
793,"Fringilla montifringilla","LC",2016
794,"Fulica atra","LC",2019
795,"Fulvetta cinereiceps","LC",2016
796,"Fulvetta formosana","LC",2016
797,"Fulvetta ludlowi","LC",2016
798,"Fulvetta manipurensis","LC",2017
799,"Fulvetta ruficapilla","LC",2016
800,"Fulvetta striaticollis","LC",2016
801,"Fulvetta vinipectus","LC",2018
802,"Galerida cristata","LC",2019
803,"Gallicrex cinerea","LC",2016
804,"Gallinago gallinago","LC",2019
805,"Gallinago nemoricola","VU",2017
806,"Gallinago solitaria","LC",2016
807,"Gallinago stenura","LC",2016
808,"Gallinula chloropus","LC",2019
809,"Gallus gallus","LC",2016
810,"Gampsorhynchus rufulus","LC",2016
811,"Gampsorhynchus torquatus","LC",2016
812,"Garrulax canorus","LC",2018
813,"Garrulax castanotis","LC",2018
814,"Garrulax leucolophus","LC",2016
815,"Garrulax maesi","LC",2016
816,"Garrulax merulinus","LC",2016
817,"Garrulax monileger","LC",2016
818,"Garrulax strepitans","LC",2016
819,"Garrulax taewanus","NT",2016
820,"Garrulus bispecularis","LC",2017
821,"Garrulus glandarius","LC",2017
822,"Garrulus leucotis","LC",2017
823,"Gavia arctica","LC",2018
824,"Gazella subgutturosa","VU",2017
825,"Gecinulus grantia","LC",2016
826,"Gekko adleri","LC",2018
827,"Gekko auriverrucosus","DD",2021
828,"Gekko bannaense","DD",2019
829,"Gekko chinensis","LC",2019
830,"Gekko gecko","LC",2019
831,"Gekko guishanicus","DD",2021
832,"Gekko hokouensis","LC",2019
833,"Gekko japonicus","LC",2019
834,"Gekko kwangsiensis","DD",2021
835,"Gekko liboensis","DD",2021
836,"Gekko melli","LC",2021
837,"Gekko reevesii","LC",2021
838,"Gekko scabridus","LC",2021
839,"Gekko similignum","LC",2019
840,"Gekko subpalmatus","LC",2019
841,"Gekko swinhonis","VU",2021
842,"Gekko taibaiensis","DD",2021
843,"Gekko wenxianensis","DD",2021
844,"Gelochelidon nilotica","LC",2019
845,"Geoemyda spengleri","EN",2020
846,"Geokichla citrina","LC",2019
847,"Geokichla sibirica","LC",2016
848,"Glandirana emeljanovi","LC",2020
849,"Glandirana minima","EN",2020
850,"Glandirana tientaiensis","LC",2020
851,"Glareola lactea","LC",2016
852,"Glareola maldivarum","LC",2016
853,"Glareola pratincola","LC",2017
854,"Glaucidium brodiei","LC",2021
855,"Glaucidium cuculoides","LC",2016
856,"Glaucidium passerinum","LC",2016
857,"Globicephala macrorhynchus","LC",2018
858,"Glyphoglossus yunnanensis","LC",2022
859,"Goniurosaurus araneus","EN",2021
860,"Goniurosaurus bawanglingensis","EN",2019
861,"Goniurosaurus hainanensis","NT",2021
862,"Goniurosaurus liboensis","EN",2019
863,"Goniurosaurus luii","VU",2021
864,"Goniurosaurus zhelongi","EN",2019
865,"Goniurosaurus zhoui","DD",2019
866,"Gonyosoma boulengeri","LC",2012
867,"Gonyosoma prasinum","LC",2021
868,"Gorsachius goisagi","VU",2020
869,"Gorsachius melanolophus","LC",2016
870,"Gracixalus carinensis","DD",2021
871,"Gracixalus gracilipes","LC",2022
872,"Gracixalus guangdongensis","LC",2020
873,"Gracixalus jinxiuensis","VU",2004
874,"Gracixalus medogensis","DD",2020
875,"Gracixalus tianlinensis","DD",2020
876,"Gracula religiosa","LC",2018
877,"Gracupica contra","LC",2017
878,"Gracupica nigricollis","LC",2016
879,"Graminicola striatus","NT",2021
880,"Grammatoptila striata","LC",2018
881,"Grampus griseus","LC",2018
882,"Grandala coelicolor","LC",2018
883,"Grus antigone","VU",2016
884,"Grus grus","LC",2016
885,"Grus japonensis","VU",2021
886,"Grus monacha","VU",2016
887,"Grus nigricollis","NT",2020
888,"Grus vipio","VU",2018
889,"Gulo gulo","LC",2016
890,"Gypaetus barbatus","NT",2021
891,"Gyps bengalensis","CR",2021
892,"Gyps fulvus","LC",2021
893,"Gyps himalayensis","NT",2021
894,"Hadromys yunnanensis","DD",2016
895,"Haematopus ostralegus","NT",2019
896,"Halcyon coromanda","LC",2016
897,"Halcyon pileata","VU",2022
898,"Halcyon smyrnensis","LC",2017
899,"Haliaeetus albicilla","LC",2021
900,"Haliaeetus leucogaster","LC",2020
901,"Haliaeetus leucoryphus","EN",2021
902,"Haliastur indus","LC",2016
903,"Hapalomys delacouri","NT",2021
904,"Harpactes erythrocephalus","LC",2016
905,"Harpactes oreskios","LC",2018
906,"Harpactes wardi","NT",2016
907,"Harpiocephalus harpia","LC",2019
908,"Harpiola isodon","LC",2020
909,"Hebius boulengeri","LC",2016
910,"Hebius chapaensis","DD",2012
911,"Hebius craspedogaster","LC",2016
912,"Hebius miyajimae","VU",2016
913,"Hebius popei","LC",2016
914,"Hebius sauteri","LC",2016
915,"Hebius taronensis","NT",2016
916,"Hebius venningi","LC",2020
917,"Hebius vibakari","LC",2021
918,"Helarctos malayanus","VU",2017
919,"Helopsaltes certhiola","LC",2016
920,"Helopsaltes fasciolata","LC",2017
921,"Helopsaltes pleskei","VU",2017
922,"Helopsaltes pryeri","NT",2017
923,"Hemidactylus bowringii","LC",2019
924,"Hemidactylus brookii","LC",2019
925,"Hemidactylus frenatus","LC",2021
926,"Hemidactylus stejnegeri","LC",2019
927,"Hemidactylus vietnamensis","LC",2018
928,"Hemiechinus auritus","LC",2021
929,"Hemiphyllodactylus changningensis","LC",2021
930,"Hemiphyllodactylus hongkongensis","NT",2021
931,"Hemiphyllodactylus huishuiensis","DD",2021
932,"Hemiphyllodactylus yunnanensis","LC",2019
933,"Hemiphyllodactylus zugi","DD",2018
934,"Hemiprocne coronata","LC",2018
935,"Hemipus picatus","LC",2018
936,"Hemitesia pallidipes","LC",2016
937,"Hemitragus jemlahicus","NT",2020
938,"Hemixos castanonotus","LC",2016
939,"Hemixos flavala","LC",2016
940,"Hemorrhois ravergieri","LC",2017
941,"Herpestes auropunctatus","LC",2016
942,"Herpestes javanicus","LC",2016
943,"Herpestes urva","LC",2015
944,"Heterophasia auricularis","LC",2016
945,"Heterophasia capistrata","LC",2016
946,"Heterophasia desgodinsi","LC",2018
947,"Heterophasia gracilis","LC",2018
948,"Heterophasia melanoleuca","LC",2016
949,"Heterophasia picaoides","LC",2016
950,"Heterophasia pulchella","LC",2018
951,"Heteroxenicus stellatus","LC",2018
952,"Hieraaetus pennatus","LC",2021
953,"Hierococcyx hyperythrus","LC",2016
954,"Hierococcyx nisicolor","LC",2016
955,"Hierococcyx sparverioides","LC",2016
956,"Himalayapsitta finschii","NT",2017
957,"Himalayapsitta roseata","NT",2017
958,"Himantopus himantopus","LC",2019
959,"Hipposideros armiger","LC",2020
960,"Hipposideros gentilis","LC",2020
961,"Hipposideros grandis","LC",2016
962,"Hipposideros larvatus","LC",2020
963,"Hipposideros lylei","LC",2019
964,"Hipposideros pratti","LC",2019
965,"Hirundapus caudacutus","LC",2019
966,"Hirundapus cochinchinensis","LC",2016
967,"Hirundo javanica","LC",2017
968,"Hirundo rustica","LC",2019
969,"Histrionicus histrionicus","LC",2018
970,"Hodgsonius phaenicuroides","LC",2017
971,"Hoolock tianxing","EN",2020
972,"Hoplobatrachus crassus","LC",2004
973,"Hoplobatrachus rugulosus","LC",2004
974,"Hoplobatrachus tigerinus","LC",2008
975,"Horornis acanthizoides","LC",2017
976,"Horornis brunnescens","LC",2016
977,"Horornis canturians","LC",2019
978,"Horornis flavolivaceus","LC",2017
979,"Horornis fortipes","LC",2017
980,"Humerana humeralis","LC",2004
981,"Hydrobates monorhis","NT",2018
982,"Hydrocoloeus minutus","LC",2018
983,"Hydrophasianus chirurgus","LC",2016
984,"Hydrophis caerulescens","LC",2010
985,"Hydrophis curtus","LC",2021
986,"Hydrophis cyanocinctus","LC",2010
987,"Hydrophis gracilis","LC",2010
988,"Hydrophis melanocephalus","DD",2010
989,"Hydrophis ornatus","LC",2010
990,"Hydrophis peronii","LC",2010
991,"Hydrophis platurus","LC",2017
992,"Hydrophis schistosus","LC",2018
993,"Hydrophis stokesii","LC",2018
994,"Hydrophis torquatus","DD",2010
995,"Hydrophis viperinus","LC",2018
996,"Hydropotes inermis","VU",2015
997,"Hydroprogne caspia","LC",2019
998,"Hydrornis cyaneus","LC",2016
999,"Hydrornis nipalensis","LC",2016
1000,"Hydrornis oatesi","LC",2018
1001,"Hydrornis phayrei","LC",2018
1002,"Hydrornis soror","LC",2016
1003,"Hyla annectans","LC",2004
1004,"Hyla chinensis","LC",2004
1005,"Hylarana latouchii","LC",2020
1006,"Hylarana macrodactyla","LC",2004
1007,"Hylarana margariana","DD",2021
1008,"Hylarana taipehensis","LC",2004
1009,"Hyla sanchiangensis","LC",2020
1010,"Hyla simplex","LC",2004
1011,"Hyla tsinlingensis","LC",2020
1012,"Hyla zhaopingensis","DD",2020
1013,"Hylobates lar","EN",2020
1014,"Hylomys suillus","LC",2016
1015,"Hylopetes alboniger","LC",2016
1016,"Hylopetes phayrei","LC",2016
1017,"Hynobius amjiensis","EN",2021
1018,"Hynobius arisanensis","EN",2021
1019,"Hynobius chinensis","DD",2020
1020,"Hynobius formosanus","EN",2020
1021,"Hynobius guabangshanensis","CR",2021
1022,"Hynobius leechii","LC",2019
1023,"Hynobius maoershanensis","CR",2020
1024,"Hynobius sonani","EN",2020
1025,"Hynobius yiwuensis","LC",2020
1026,"Hypothymis azurea","LC",2016
1027,"Hypsipetes amaurotis","LC",2018
1028,"Hypsipetes leucocephalus","LC",2016
1029,"Hypsiscopus plumbea","LC",2010
1030,"Hypsugo affinis","LC",2019
1031,"Hypsugo alaschanicus","LC",2019
1032,"Hypsugo pulveratus","LC",2020
1033,"Hypsugo savii","LC",2016
1034,"Hystrix brachyura","LC",2016
1035,"Hystrix indica","LC",2021
1036,"Ia io","NT",2020
1037,"Ibidorhyncha struthersii","LC",2016
1038,"Ichthyophis bannanicus","LC",2004
1039,"Icthyophaga humilis","NT",2016
1040,"Ictinaetus malaiensis","LC",2016
1041,"Iduna caligata","LC",2017
1042,"Iduna rama","LC",2017
1043,"Indicator xanthonotus","NT",2016
1044,"Indopacetus pacificus","LC",2020
1045,"Indotestudo elongata","CR",2019
1046,"Indotyphlops lazelli","CR",2012
1047,"Ingerana borealis","VU",2004
1048,"Ingerana reticulata","DD",2020
1049,"Ingerophrynus galeatus","LC",2017
1050,"Ingerophrynus ledongensis","NT",2020
1051,"Ingerophrynus macrotis","LC",2017
1052,"Iole propinqua","LC",2016
1053,"Irena puella","LC",2016
1054,"Ithaginis cruentus","LC",2016
1055,"Ixobrychus cinnamomeus","LC",2016
1056,"Ixobrychus eurhythmus","LC",2016
1057,"Ixobrychus flavicollis","LC",2016
1058,"Ixobrychus minutus","LC",2019
1059,"Ixobrychus sinensis","LC",2016
1060,"Ixos mcclellandii","LC",2016
1061,"Japalura tricarinata","LC",2021
1062,"Jynx torquilla","LC",2017
1063,"Kalophrynus interlineatus","LC",2004
1064,"Kaloula borealis","LC",2020
1065,"Kaloula nonggangensis","DD",2020
1066,"Kaloula pulchra","LC",2004
1067,"Kaloula rugifera","LC",2020
1068,"Kaloula verrucosa","LC",2020
1069,"Kerilia jerdoni","LC",2010
1070,"Kerivoula furva","LC",2021
1071,"Kerivoula picta","NT",2020
1072,"Kerivoula titania","LC",2019
1073,"Ketupa flavipes","LC",2018
1074,"Ketupa zeylonensis","LC",2016
1075,"Kittacincla malabarica","LC",2021
1076,"Kogia breviceps","LC",2020
1077,"Kogia sima","LC",2020
1078,"Kurixalus eiffingeri","LC",2022
1079,"Kurixalus idiootocus","LC",2020
1080,"Kurixalus lenquanensis","NT",2020
1081,"Kurixalus naso","DD",2004
1082,"Kurixalus odontotarsus","LC",2004
1083,"Kurixalus verrucosus","LC",2004
1084,"Kurochkinegramma hypogrammica","LC",2016
1085,"Lacerta agilis","LC",2021
1086,"Lagenodelphis hosei","LC",2018
1087,"Lagenorhynchus obliquidens","LC",2018
1088,"Lagopus lagopus","LC",2016
1089,"Lagopus muta","LC",2016
1090,"Lagurus lagurus","LC",2016
1091,"Lalage melaschistos","LC",2018
1092,"Lanius borealis","LC",2017
1093,"Lanius bucephalus","LC",2017
1094,"Lanius collurio","LC",2017
1095,"Lanius collurioides","LC",2016
1096,"Lanius cristatus","LC",2016
1097,"Lanius excubitor","LC",2019
1098,"Lanius giganteus","LC",2018
1099,"Lanius isabellinus","LC",2016
1100,"Lanius minor","LC",2016
1101,"Lanius phoenicuroides","LC",2016
1102,"Lanius schach","LC",2016
1103,"Lanius sphenocercus","LC",2016
1104,"Lanius tephronotus","LC",2016
1105,"Lanius tigrinus","LC",2016
1106,"Larus brunnicephalus","LC",2018
1107,"Larus cachinnans","LC",2018
1108,"Larus canus","LC",2019
1109,"Larus crassirostris","LC",2018
1110,"Larus ichthyaetus","LC",2018
1111,"Larus relictus","VU",2017
1112,"Larus ridibundus","LC",2018
1113,"Larus smithsonianus","LC",2019
1114,"Larvivora brunnea","LC",2019
1115,"Larvivora cyane","LC",2016
1116,"Larvivora ruficeps","EN",2017
1117,"Larvivora sibilans","LC",2016
1118,"Lasiopodomys brandtii","LC",2016
1119,"Lasiopodomys fuscus","LC",2019
1120,"Lasiopodomys mandarinus","LC",2016
1121,"Laticauda colubrina","LC",2010
1122,"Laticauda laticaudata","LC",2010
1123,"Laticauda semifasciata","NT",2010
1124,"Laudakia papenfussi","LC",2019
1125,"Laudakia sacra","LC",2019
1126,"Laudakia wui","LC",2019
1127,"Leiolepis reevesii","LC",2021
1128,"Leioptila annectens","LC",2016
1129,"Leiothrix argentauris","LC",2016
1130,"Leiothrix lutea","LC",2017
1131,"Leopoldamys edwardsi","LC",2016
1132,"Lepidochelys olivacea","VU",2008
1133,"Leptobrachella alpina","NT",2020
1134,"Leptobrachella bijie","DD",2020
1135,"Leptobrachella liui","LC",2021
1136,"Leptobrachella maoershanensis","NT",2020
1137,"Leptobrachella oshanensis","LC",2004
1138,"Leptobrachella pelodytoides","LC",2004
1139,"Leptobrachella pluvialis","EN",2017
1140,"Leptobrachella purpura","DD",2020
1141,"Leptobrachella purpuraventra","DD",2020
1142,"Leptobrachella shangsiensis","NT",2021
1143,"Leptobrachella sungi","LC",2017
1144,"Leptobrachella tengchongensis","EN",2020
1145,"Leptobrachella ventripunctata","LC",2022
1146,"Leptobrachella wuhuangmontis","DD",2020
1147,"Leptobrachella yingjiangensis","DD",2020
1148,"Leptobrachella yunkaiensis","DD",2020
1149,"Leptobrachium ailaonicum","NT",2004
1150,"Leptobrachium boringii","EN",2020
1151,"Leptobrachium chapaense","LC",2021
1152,"Leptobrachium hainanense","VU",2020
1153,"Leptobrachium huashen","LC",2021
1154,"Leptobrachium leishanense","EN",2020
1155,"Leptobrachium liui","LC",2020
1156,"Leptobrachium promustache","DD",2008
1157,"Leptobrachium tengchongense","EN",2020
1158,"Leptopoecile elegans","LC",2018
1159,"Leptopoecile sophiae","LC",2016
1160,"Leptoptilos javanicus","VU",2017
1161,"Lepus comus","LC",2019
1162,"Lepus coreanus","LC",2019
1163,"Lepus hainanus","EN",2016
1164,"Lepus mandshuricus","LC",2019
1165,"Lepus oiostolus","LC",2019
1166,"Lepus sinensis","LC",2019
1167,"Lepus tibetanus","LC",2019
1168,"Lepus timidus","LC",2019
1169,"Lepus tolai","LC",2019
1170,"Lepus yarkandensis","NT",2016
1171,"Lerwa lerwa","LC",2016
1172,"Leucosticte arctoa","LC",2018
1173,"Leucosticte brandti","LC",2018
1174,"Leucosticte nemoricola","LC",2018
1175,"Lewinia striata","LC",2016
1176,"Limnodromus semipalmatus","NT",2016
1177,"Limnonectes fragilis","VU",2020
1178,"Limnonectes fujianensis","LC",2020
1179,"Limnonectes kuhlii","LC",2004
1180,"Limnonectes limborgi","LC",2017
1181,"Limnonectes liui","VU",2020
1182,"Limnonectes taylori","LC",2017
1183,"Limosa limosa","NT",2017
1184,"Linaria cannabina","LC",2018
1185,"Linaria flavirostris","LC",2017
1186,"Liocichla omeiensis","VU",2017
1187,"Liocichla phoenicea","LC",2016
1188,"Liocichla ripponi","LC",2016
1189,"Liocichla steerii","LC",2016
1190,"Lioparus chrysotis","LC",2017
1191,"Liopeltis frenatus","LC",2012
1192,"Lipotes vexillifer","CR",2017
1193,"Liua shihi","LC",2020
1194,"Liua tsinpaensis","VU",2020
1195,"Liuixalus feii","LC",2020
1196,"Liuixalus hainanus","VU",2020
1197,"Liuixalus ocellatus","VU",2020
1198,"Liuixalus romeri","EN",2020
1199,"Liuixalus shiwandashan","DD",2020
1200,"Liurana alpina","VU",2020
1201,"Liurana medogensis","DD",2020
1202,"Liurana vallecula","DD",2020
1203,"Liurana xizangensis","VU",2020
1204,"Locustella alishanensis","LC",2016
1205,"Locustella chengi","LC",2017
1206,"Locustella davidi","LC",2016
1207,"Locustella lanceolata","LC",2017
1208,"Locustella luscinioides","LC",2016
1209,"Locustella luteoventris","LC",2016
1210,"Locustella major","NT",2017
1211,"Locustella mandelli","LC",2017
1212,"Locustella naevia","LC",2017
1213,"Locustella tacsanowskia","LC",2016
1214,"Locustella thoracica","LC",2017
1215,"Lonchura atricapilla","LC",2016
1216,"Lonchura punctulata","LC",2016
1217,"Lonchura striata","LC",2016
1218,"Lophophanes dichrous","LC",2016
1219,"Lophophorus impejanus","LC",2016
1220,"Lophophorus lhuysii","VU",2016
1221,"Lophophorus sclateri","VU",2016
1222,"Lophotriorchis kienerii","NT",2020
1223,"Lophura leucomelanos","LC",2016
1224,"Lophura nycthemera","LC",2016
1225,"Lophura swinhoii","NT",2019
1226,"Loriculus vernalis","LC",2016
1227,"Loxia curvirostra","LC",2017
1228,"Loxia leucoptera","LC",2017
1229,"Luscinia megarhynchos","LC",2017
1230,"Lutra lutra","NT",2021
1231,"Lutrogale perspicillata","VU",2021
1232,"Lycodon capucinus","LC",2012
1233,"Lycodon davisonii","LC",2012
1234,"Lycodon flavozonatus","LC",2012
1235,"Lycodon futsingensis","LC",2012
1236,"Lycodon gongshan","DD",2012
1237,"Lycodon laoensis","LC",2012
1238,"Lycodon meridionale","LC",2012
1239,"Lycodon multizonatus","DD",2018
1240,"Lycodon rosozonatus","DD",2020
1241,"Lycodon rufozonatus","LC",2017
1242,"Lycodon ruhstrati","LC",2014
1243,"Lycodon subcinctus","LC",2012
1244,"Lycodon synaptor","DD",2012
1245,"Lyncornis macrotis","LC",2020
1246,"Lynx lynx","LC",2015
1247,"Lyroderma lyra","LC",2020
1248,"Lyrurus tetrix","LC",2016
1249,"Macaca arctoides","VU",2020
1250,"Macaca assamensis","NT",2020
1251,"Macaca cyclopis","LC",2020
1252,"Macaca leonina","VU",2022
1253,"Macaca mulatta","LC",2020
1254,"Macaca munzala","EN",2020
1255,"Macaca thibetana","NT",2020
1256,"Machlolophus holsti","NT",2016
1257,"Machlolophus spilonotus","LC",2016
1258,"Macroglossus sobrinus","LC",2021
1259,"Macropygia ruficeps","LC",2016
1260,"Macropygia unchall","LC",2016
1261,"Manis javanica","CR",2019
1262,"Manis pentadactyla","CR",2019
1263,"Manouria impressa","EN",2021
1264,"Mareca falcata","NT",2016
1265,"Mareca penelope","LC",2017
1266,"Mareca strepera","LC",2016
1267,"Marmaronetta angustirostris","VU",2017
1268,"Marmota baibacina","LC",2016
1269,"Marmota caudata","LC",2017
1270,"Marmota himalayana","LC",2016
1271,"Marmota sibirica","EN",2016
1272,"Martes flavigula","LC",2016
1273,"Martes foina","LC",2016
1274,"Martes zibellina","LC",2016
1275,"Mauremys mutica","CR",2021
1276,"Mauremys sinensis","CR",2021
1277,"Maxomys surifer","LC",2016
1278,"Mediodactylus russowii","LC",2019
1279,"Megaceryle lugubris","LC",2016
1280,"Megalurus palustris","LC",2016
1281,"Megaptera novaeangliae","LC",2018
1282,"Megophrys binchuanensis","VU",2020
1283,"Megophrys boettgeri","LC",2004
1284,"Megophrys brachykolos","EN",2004
1285,"Megophrys caudoprocta","EN",2020
1286,"Megophrys cheni","VU",2020
1287,"Megophrys chuannanensis","NT",2020
1288,"Megophrys daweimontis","DD",2004
1289,"Megophrys feae","LC",2017
1290,"Megophrys feii","NT",2020
1291,"Megophrys gigantica","VU",2004
1292,"Megophrys glandulosa","LC",2004
1293,"Megophrys huangshanensis","LC",2020
1294,"Megophrys jingdongensis","LC",2021
1295,"Megophrys jinggangensis","LC",2020
1296,"Megophrys koui","LC",2004
1297,"Megophrys kuatunensis","LC",2004
1298,"Megophrys leishanensis","DD",2020
1299,"Megophrys liboensis","DD",2020
1300,"Megophrys lini","EN",2020
1301,"Megophrys major","LC",2004
1302,"Megophrys mangshanensis","LC",2021
1303,"Megophrys medogensis","EN",2020
1304,"Megophrys microstoma","LC",2017
1305,"Megophrys minor","LC",2004
1306,"Megophrys nankiangensis","VU",2020
1307,"Megophrys obesa","CR",2020
1308,"Megophrys ombrophila","NT",2020
1309,"Megophrys omeimontis","LC",2020
1310,"Megophrys pachyproctus","DD",2004
1311,"Megophrys palpebralespinosa","LC",2022
1312,"Megophrys parva","LC",2004
1313,"Megophrys popei","NT",2020
1314,"Megophrys robusta","DD",2004
1315,"Megophrys sangzhiensis","CR",2020
1316,"Megophrys shapingensis","LC",2020
1317,"Megophrys shuichengensis","DD",2020
1318,"Megophrys spinata","LC",2020
1319,"Megophrys tuberogranulata","EN",2020
1320,"Megophrys wawuensis","DD",2020
1321,"Megophrys wuliangshanensis","DD",2004
1322,"Megophrys wushanensis","LC",2020
1323,"Melanitta stejnegeri","LC",2018
1324,"Melanochelys trijuga","LC",2020
1325,"Melanochlora sultanea","LC",2016
1326,"Melanocorypha maxima","LC",2017
1327,"Melanocorypha mongolica","LC",2016
1328,"Meles leucurus","LC",2016
1329,"Melogale moschata","LC",2016
1330,"Melogale personata","LC",2016
1331,"Menetes berdmorei","LC",2016
1332,"Mergellus albellus","LC",2016
1333,"Mergus merganser","LC",2018
1334,"Mergus serrator","LC",2018
1335,"Mergus squamatus","EN",2017
1336,"Meriones chengi","LC",2016
1337,"Meriones libycus","LC",2016
1338,"Meriones meridianus","LC",2016
1339,"Meriones tamariscinus","LC",2016
1340,"Meriones unguiculatus","LC",2016
1341,"Merops apiaster","LC",2019
1342,"Merops leschenaulti","LC",2016
1343,"Merops orientalis","LC",2017
1344,"Merops philippinus","LC",2016
1345,"Merops viridis","LC",2016
1346,"Mesechinus dauuricus","LC",2016
1347,"Mesechinus hughi","LC",2016
1348,"Mesoplodon densirostris","LC",2020
1349,"Metopidius indicus","LC",2016
1350,"Microcarbo niger","LC",2016
1351,"Microhierax caerulescens","LC",2016
1352,"Microhierax melanoleucos","LC",2016
1353,"Microhyla berdmorei","LC",2004
1354,"Microhyla butleri","LC",2004
1355,"Microhyla fissipes","LC",2008
1356,"Microhyla heymonsi","LC",2004
1357,"Microhyla mixtura","LC",2020
1358,"Microhyla pulchra","LC",2004
1359,"Micromys minutus","LC",2019
1360,"Micropternus brachyurus","LC",2016
1361,"Microtus agrestis","LC",2016
1362,"Microtus arvalis","LC",2016
1363,"Microtus clarkei","LC",2016
1364,"Microtus fortis","LC",2016
1365,"Microtus gregalis","LC",2016
1366,"Microtus ilaeus","LC",2016
1367,"Microtus kikuchii","LC",2017
1368,"Microtus limnophilus","LC",2016
1369,"Microtus maximowiczii","LC",2016
1370,"Microtus mongolicus","LC",2016
1371,"Microtus socialis","LC",2016
1372,"Micryletta inornata","LC",2004
1373,"Micryletta steinegeri","VU",2020
1374,"Milvus migrans","LC",2021
1375,"Miniopterus magnater","LC",2021
1376,"Miniopterus pusillus","LC",2021
1377,"Minla ignotincta","LC",2016
1378,"Mirafra javanica","LC",2017
1379,"Mixornis gularis","LC",2016
1380,"Mogera insularis","LC",2016
1381,"Mogera robusta","LC",2017
1382,"Monticola gularis","LC",2016
1383,"Monticola rufiventris","LC",2016
1384,"Monticola saxatilis","LC",2017
1385,"Monticola solitarius","LC",2016
1386,"Montifringilla adamsi","LC",2018
1387,"Montifringilla henrici","LC",2016
1388,"Montifringilla nivalis","LC",2017
1389,"Moschus anhuiensis","EN",2015
1390,"Moschus berezovskii","EN",2015
1391,"Moschus chrysogaster","EN",2016
1392,"Moschus fuscus","EN",2015
1393,"Moschus leucogaster","EN",2015
1394,"Moschus moschiferus","VU",2015
1395,"Motacilla alba","LC",2019
1396,"Motacilla cinerea","LC",2017
1397,"Motacilla citreola","LC",2019
1398,"Motacilla flava","LC",2019
1399,"Motacilla tschutschensis","LC",2019
1400,"Moupinia poecilotis","LC",2016
1401,"Mulleripicus pulverulentus","VU",2016
1402,"Muntiacus crinifrons","VU",2016
1403,"Muntiacus gongshanensis","DD",2016
1404,"Muntiacus putaoensis","DD",2016
1405,"Muntiacus reevesi","LC",2016
1406,"Muntiacus rooseveltorum","DD",2016
1407,"Muntiacus vaginalis","LC",2016
1408,"Murina aurata","DD",2020
1409,"Murina bicolor","LC",2017
1410,"Murina chrysochaetes","DD",2021
1411,"Murina cyclotis","LC",2020
1412,"Murina eleryi","LC",2021
1413,"Murina feae","LC",2020
1414,"Murina fusca","DD",2020
1415,"Murina gracilis","LC",2017
1416,"Murina harrisoni","LC",2016
1417,"Murina hilgendorfi","LC",2019
1418,"Murina huttoni","LC",2019
1419,"Murina leucogaster","LC",2016
1420,"Murina lorelieae","DD",2020
1421,"Murina puta","LC",2019
1422,"Murina recondita","LC",2017
1423,"Murina shuipuensis","DD",2020
1424,"Murina ussuriensis","LC",2019
1425,"Mus caroli","LC",2016
1426,"Muscicapa dauurica","LC",2019
1427,"Muscicapa ferruginea","LC",2016
1428,"Muscicapa griseisticta","LC",2018
1429,"Muscicapa muttui","LC",2016
1430,"Muscicapa sibirica","LC",2019
1431,"Muscicapa striata","LC",2019
1432,"Mus cookii","LC",2016
1433,"Mus musculus","LC",2021
1434,"Mus pahari","LC",2016
1435,"Mustela altaica","NT",2016
1436,"Mustela erminea","LC",2016
1437,"Mustela eversmanii","LC",2016
1438,"Mustela kathiah","LC",2016
1439,"Mustela nivalis","LC",2019
1440,"Mustela russelliana","DD",2016
1441,"Mustela sibirica","LC",2016
1442,"Mustela strigidorsa","LC",2016
1443,"Mycerobas affinis","LC",2016
1444,"Mycerobas carnipes","LC",2017
1445,"Mycerobas melanozanthos","LC",2016
1446,"Myiomela leucura","LC",2017
1447,"Myodes centralis","LC",2016
1448,"Myodes rufocanus","LC",2016
1449,"Myodes rutilus","LC",2020
1450,"Myodes shanseius","LC",2016
1451,"Myophonus caeruleus","LC",2016
1452,"Myophonus insularis","LC",2016
1453,"Myopus schisticolor","LC",2016
1454,"Myospalax aspalax","LC",2016
1455,"Myospalax psilurus","LC",2016
1456,"Myotis altarium","LC",2019
1457,"Myotis annectans","LC",2020
1458,"Myotis badius","DD",2019
1459,"Myotis blythii","LC",2016
1460,"Myotis bombinus","NT",2019
1461,"Myotis chinensis","LC",2019
1462,"Myotis davidii","LC",2019
1463,"Myotis fimbriatus","LC",2019
1464,"Myotis formosus","NT",2020
1465,"Myotis frater","LC",2021
1466,"Myotis hasseltii","LC",2020
1467,"Myotis horsfieldii","LC",2019
1468,"Myotis ikonnikovi","LC",2020
1469,"Myotis indochinensis","DD",2019
1470,"Myotis laniger","LC",2019
1471,"Myotis longicaudatus","LC",2021
1472,"Myotis longipes","DD",2016
1473,"Myotis macrodactylus","LC",2019
1474,"Myotis montivagus","DD",2020
1475,"Myotis nipalensis","LC",2019
1476,"Myotis pequinius","LC",2019
1477,"Myotis petax","LC",2020
1478,"Myotis pilosus","VU",2019
1479,"Myotis rufoniger","LC",2020
1480,"Myotis secundus","LC",2017
1481,"Myotis sibiricus","LC",2020
1482,"Myotis siligorensis","LC",2021
1483,"Myotis soror","DD",2017
1484,"Myrrophis bennettii","DD",2010
1485,"Myrrophis chinensis","LC",2010
1486,"Myzornis pyrrhoura","LC",2018
1487,"Naemorhedus baileyi","VU",2020
1488,"Naemorhedus caudatus","VU",2020
1489,"Naemorhedus goral","NT",2008
1490,"Naja atra","VU",2014
1491,"Naja kaouthia","LC",2012
1492,"Nanorana aenea","LC",2017
1493,"Nanorana arnoldi","NT",2004
1494,"Nanorana blanfordii","LC",2004
1495,"Nanorana bourreti","LC",2017
1496,"Nanorana conaensis","DD",2004
1497,"Nanorana feae","DD",2021
1498,"Nanorana liebigii","LC",2004
1499,"Nanorana liui","VU",2004
1500,"Nanorana maculosa","VU",2020
1501,"Nanorana medogensis","EN",2020
1502,"Nanorana minica","VU",2004
1503,"Nanorana parkeri","LC",2004
1504,"Nanorana pleskei","NT",2004
1505,"Nanorana polunini","LC",2004
1506,"Nanorana quadranus","NT",2020
1507,"Nanorana rostandi","VU",2004
1508,"Nanorana taihangnica","LC",2020
1509,"Nanorana unculuanus","VU",2020
1510,"Nanorana ventripunctata","LC",2020
1511,"Nanorana yunnanensis","EN",2004
1512,"Napothera epilepidota","LC",2016
1513,"Nasutixalus yingjiangensis","EN",2020
1514,"Natrix tessellata","LC",2021
1515,"Nectogale elegans","LC",2016
1516,"Neodon forresti","DD",2016
1517,"Neodon irene","LC",2016
1518,"Neodon linzhiensis","DD",2016
1519,"Neodon sikimensis","LC",2016
1520,"Neofelis nebulosa","VU",2021
1521,"Neohylomys hainanensis","EN",2016
1522,"Neomys fodiens","LC",2016
1523,"Neophocaena asiaeorientalis","EN",2017
1524,"Neophocaena phocaenoides","VU",2017
1525,"Neophron percnopterus","EN",2021
1526,"Neotetracus sinensis","LC",2016
1527,"Nesokia indica","LC",2016
1528,"Nettapus coromandelianus","LC",2016
1529,"Netta rufina","LC",2016
1530,"Nidirana adenopleura","LC",2020
1531,"Nidirana daunchina","LC",2020
1532,"Nidirana hainanensis","CR",2021
1533,"Nidirana lini","LC",2022
1534,"Nidirana pleuraden","LC",2020
1535,"Nilssonia formosa","CR",2021
1536,"Niltava davidi","LC",2016
1537,"Niltava grandis","LC",2016
1538,"Niltava macgrigoriae","LC",2016
1539,"Niltava oatesi","LC",2016
1540,"Niltava sundara","LC",2016
1541,"Niltava vivida","LC",2017
1542,"Ninox japonica","LC",2016
1543,"Ninox scutulata","LC",2021
1544,"Nipponia nippon","EN",2018
1545,"Nisaetus nipalensis","NT",2021
1546,"Niviventer andersoni","LC",2016
1547,"Niviventer brahma","LC",2016
1548,"Niviventer confucianus","LC",2016
1549,"Niviventer coninga","LC",2016
1550,"Niviventer culturatus","LC",2017
1551,"Niviventer eha","LC",2016
1552,"Niviventer excelsior","LC",2016
1553,"Niviventer fulvescens","LC",2016
1554,"Niviventer langbianis","LC",2016
1555,"Niviventer tenaster","LC",2016
1556,"Nomascus concolor","CR",2020
1557,"Nomascus hainanus","CR",2020
1558,"Nomascus leucogenys","CR",2020
1559,"Nomascus nasutus","CR",2020
1560,"Nucifraga caryocatactes","LC",2016
1561,"Nucifraga hemispila","LC",2016
1562,"Nucifraga multipunctata","LC",2017
1563,"Numenius arquata","NT",2017
1564,"Numenius madagascariensis","EN",2017
1565,"Nyctalus aviator","NT",2019
1566,"Nyctalus leisleri","LC",2016
1567,"Nyctalus noctula","LC",2016
1568,"Nyctalus plancyi","LC",2020
1569,"Nyctereutes procyonoides","LC",2016
1570,"Nycticebus bengalensis","EN",2020
1571,"Nycticebus pygmaeus","EN",2021
1572,"Nycticorax nycticorax","LC",2019
1573,"Nyctyornis athertoni","LC",2016
1574,"Occidozyga lima","LC",2004
1575,"Occidozyga martensii","LC",2004
1576,"Ochotona alpina","LC",2016
1577,"Ochotona argentata","EN",2016
1578,"Ochotona cansus","LC",2016
1579,"Ochotona coreana","DD",2016
1580,"Ochotona curzoniae","LC",2019
1581,"Ochotona dauurica","LC",2016
1582,"Ochotona erythrotis","LC",2016
1583,"Ochotona forresti","LC",2016
1584,"Ochotona gloveri","LC",2016
1585,"Ochotona hyperborea","LC",2016
1586,"Ochotona iliensis","EN",2019
1587,"Ochotona koslowi","EN",2019
1588,"Ochotona ladacensis","LC",2016
1589,"Ochotona macrotis","LC",2016
1590,"Ochotona mantchurica","LC",2016
1591,"Ochotona nubrica","LC",2016
1592,"Ochotona pallasii","LC",2016
1593,"Ochotona pusilla","LC",2016
1594,"Ochotona roylei","LC",2016
1595,"Ochotona rutila","LC",2016
1596,"Ochotona syrinx","LC",2016
1597,"Ochotona thibetana","LC",2016
1598,"Ochotona thomasi","LC",2019
1599,"Odorrana anlungensis","EN",2020
1600,"Odorrana bacboensis","LC",2022
1601,"Odorrana cangyuanensis","EN",2020
1602,"Odorrana chapaensis","NT",2004
1603,"Odorrana chloronota","LC",2004
1604,"Odorrana exiliversabilis","LC",2020
1605,"Odorrana geminata","VU",2015
1606,"Odorrana grahami","NT",2004
1607,"Odorrana graminea","DD",2004
1608,"Odorrana hainanensis","VU",2020
1609,"Odorrana hejiangensis","VU",2020
1610,"Odorrana jingdongensis","VU",2020
1611,"Odorrana junlianensis","VU",2004
1612,"Odorrana kuangwuensis","VU",2020
1613,"Odorrana kweichowensis","VU",2020
1614,"Odorrana leporipes","DD",2020
1615,"Odorrana lungshengensis","LC",2020
1616,"Odorrana macrotympana","DD",2020
1617,"Odorrana margaretae","LC",2004
1618,"Odorrana nanjiangensis","NT",2020
1619,"Odorrana nasuta","LC",2020
1620,"Odorrana schmackeri","LC",2004
1621,"Odorrana swinhoana","LC",2020
1622,"Odorrana tiannanensis","LC",2004
1623,"Odorrana tormota","LC",2020
1624,"Odorrana versabilis","LC",2020
1625,"Odorrana wuchuanensis","VU",2020
1626,"Odorrana yizhangensis","LC",2020
1627,"Odorrana zhaoi","LC",2020
1628,"Oenanthe deserti","LC",2016
1629,"Oenanthe isabellina","LC",2016
1630,"Oenanthe oenanthe","LC",2018
1631,"Oenanthe pleschanka","LC",2016
1632,"Oligodon chinensis","LC",2012
1633,"Oligodon cinereus","LC",2021
1634,"Oligodon cyclurus","LC",2021
1635,"Oligodon eberhardti","LC",2012
1636,"Oligodon formosanus","LC",2014
1637,"Oligodon lacroixi","VU",2012
1638,"Oligodon lungshenensis","NT",2012
1639,"Oligodon ornatus","LC",2012
1640,"Ombrana sikimensis","LC",2004
1641,"Onychodactylus fischeri","LC",2004
1642,"Onychodactylus zhangyapingi","DD",2020
1643,"Onychoprion anaethetus","LC",2019
1644,"Onychostruthus taczanowskii","LC",2018
1645,"Oocatochus rufodorsatus","LC",2021
1646,"Ophiophagus hannah","VU",2012
1647,"Opisthotropis andersonii","NT",2012
1648,"Opisthotropis cheni","LC",2012
1649,"Opisthotropis guangxiensis","NT",2012
1650,"Opisthotropis jacobi","DD",2012
1651,"Opisthotropis kuatunensis","LC",2014
1652,"Opisthotropis lateralis","LC",2012
1653,"Opisthotropis latouchii","LC",2012
1654,"Opisthotropis maculosa","DD",2012
1655,"Opisthotropis maxwelli","DD",2012
1656,"Orcinus orca","DD",2017
1657,"Oreolalax chuanbeiensis","EN",2020
1658,"Oreolalax granulosus","NT",2020
1659,"Oreolalax jingdongensis","VU",2020
1660,"Oreolalax liangbeiensis","CR",2020
1661,"Oreolalax lichuanensis","LC",2020
1662,"Oreolalax major","LC",2020
1663,"Oreolalax multipunctatus","EN",2020
1664,"Oreolalax nanjiangensis","VU",2020
1665,"Oreolalax omeimontis","EN",2020
1666,"Oreolalax pingii","EN",2020
1667,"Oreolalax popei","LC",2020
1668,"Oreolalax puxiongensis","EN",2020
1669,"Oreolalax rhodostigmatus","VU",2020
1670,"Oreolalax rugosus","LC",2020
1671,"Oreolalax schmidti","NT",2020
1672,"Oreolalax weigoldi","DD",2020
1673,"Oreolalax xiangchengensis","LC",2020
1674,"Orientocoluber spinalis","LC",2021
1675,"Oriolus chinensis","LC",2018
1676,"Oriolus mellianus","EN",2016
1677,"Oriolus oriolus","LC",2017
1678,"Oriolus tenuirostris","LC",2018
1679,"Oriolus traillii","LC",2018
1680,"Oriolus xanthornus","LC",2018
1681,"Oroanassa magnifica","EN",2017
1682,"Orthotomus atrogularis","LC",2016
1683,"Orthotomus sutorius","LC",2016
1684,"Otis tarda","VU",2017
1685,"Otocichla mupinensis","LC",2016
1686,"Otocolobus manul","LC",2020
1687,"Otus lettia","LC",2017
1688,"Otus scops","LC",2021
1689,"Otus semitorques","LC",2016
1690,"Otus spilocephalus","LC",2016
1691,"Otus sunia","LC",2021
1692,"Ovis ammon","NT",2020
1693,"Ovophis monticola","LC",2021
1694,"Oxyura leucocephala","EN",2017
1695,"Pachyhynobius shangchengensis","VU",2020
1696,"Pachytriton archospotus","NT",2020
1697,"Pachytriton brevipes","LC",2004
1698,"Pachytriton changi","EN",2020
1699,"Pachytriton feii","VU",2020
1700,"Pachytriton granulosus","LC",2020
1701,"Pachytriton inexpectatus","LC",2020
1702,"Pachytriton moi","EN",2020
1703,"Pachytriton wuguanfui","EN",2020
1704,"Pachytriton xanthospilos","CR",2020
1705,"Paguma larvata","LC",2016
1706,"Palea steindachneri","CR",2021
1707,"Pandion haliaetus","LC",2021
1708,"Panthera pardus","VU",2020
1709,"Panthera tigris","EN",2022
1710,"Panthera uncia","VU",2017
1711,"Pantholops hodgsonii","NT",2016
1712,"Panurus biarmicus","LC",2016
1713,"Papurana milleti","LC",2021
1714,"Paradoxornis guttaticollis","LC",2016
1715,"Paradoxornis heudei","NT",2017
1716,"Paradoxurus hermaphroditus","LC",2016
1717,"Paralaudakia stoliczkana","LC",2017
1718,"Paramesotriton aurantius","VU",2020
1719,"Paramesotriton caudopunctatus","NT",2021
1720,"Paramesotriton chinensis","LC",2021
1721,"Paramesotriton deloustali","LC",2017
1722,"Paramesotriton fuzhongensis","VU",2020
1723,"Paramesotriton guangxiensis","EN",2004
1724,"Paramesotriton hongkongensis","NT",2021
1725,"Paramesotriton longliensis","VU",2020
1726,"Paramesotriton maolanensis","DD",2020
1727,"Paramesotriton qixilingensis","VU",2020
1728,"Paramesotriton wulingensis","LC",2021
1729,"Paramesotriton yunwuensis","EN",2020
1730,"Paramesotriton zhijinensis","EN",2020
1731,"Parapelophryne scalpta","VU",2020
1732,"Parascaptor leucura","LC",2016
1733,"Paratapinophis praemaxillaris","LC",2012
1734,"Pardaliparus venustulus","LC",2016
1735,"Pardofelis marmorata","NT",2016
1736,"Pareas boulengeri","LC",2012
1737,"Pareas carinatus","LC",2012
1738,"Pareas chinensis","LC",2019
1739,"Pareas formosensis","LC",2012
1740,"Pareas hamptoni","LC",2012
1741,"Pareas margaritophorus","LC",2012
1742,"Pareas nigriceps","DD",2012
1743,"Pareas stanleyi","DD",2012
1744,"Parus major","LC",2016
1745,"Parus monticolus","LC",2016
1746,"Passer ammodendri","LC",2016
1747,"Passer cinnamomeus","LC",2016
1748,"Passer domesticus","LC",2019
1749,"Passer hispaniolensis","LC",2019
1750,"Passer montanus","LC",2017
1751,"Pastor roseus","LC",2016
1752,"Pavo muticus","EN",2018
1753,"Pelargopsis capensis","LC",2016
1754,"Pelecanus crispus","NT",2018
1755,"Pelecanus philippensis","NT",2017
1756,"Pellorneum albiventre","LC",2016
1757,"Pellorneum ruficeps","LC",2016
1758,"Pelochelys cantorii","CR",2021
1759,"Pelophylax chosenicus","VU",2021
1760,"Pelophylax fukienensis","LC",2021
1761,"Pelophylax hubeiensis","LC",2020
1762,"Pelophylax nigromaculatus","NT",2004
1763,"Pelophylax plancyi","LC",2020
1764,"Pelophylax tenggerensis","EN",2021
1765,"Peponocephala electra","LC",2019
1766,"Perdix dauurica","LC",2016
1767,"Perdix hodgsoniae","LC",2016
1768,"Perdix perdix","LC",2016
1769,"Pericrocotus brevirostris","LC",2018
1770,"Pericrocotus cantonensis","LC",2016
1771,"Pericrocotus divaricatus","LC",2018
1772,"Pericrocotus ethologus","LC",2018
1773,"Pericrocotus flammeus","LC",2018
1774,"Pericrocotus roseus","LC",2018
1775,"Pericrocotus solaris","LC",2016
1776,"Periparus ater","LC",2017
1777,"Periparus rubidiventris","LC",2016
1778,"Periparus rufonuchalis","LC",2016
1779,"Perisoreus infaustus","LC",2016
1780,"Perisoreus internigrans","NT",2022
1781,"Pernis ptilorhynchus","LC",2021
1782,"Petaurista alborufus","LC",2016
1783,"Petaurista elegans","LC",2016
1784,"Petaurista magnificus","LC",2016
1785,"Petaurista mechukaensis","DD",2016
1786,"Petaurista mishmiensis","NT",2016
1787,"Petaurista nobilis","NT",2016
1788,"Petaurista petaurista","LC",2016
1789,"Petaurista philippensis","LC",2016
1790,"Petaurista xanthotis","LC",2016
1791,"Petronia petronia","LC",2016
1792,"Phaenicophaeus tristis","LC",2016
1793,"Phaiomys leucurus","LC",2016
1794,"Phalacrocorax capillatus","LC",2018
1795,"Phalacrocorax carbo","LC",2019
1796,"Phasianus colchicus","LC",2016
1797,"Philautus kempii","DD",2008
1798,"Philautus maosonensis","DD",2022
1799,"Philautus tytthus","DD",2021
1800,"Phoca largha","LC",2016
1801,"Phodilus badius","LC",2016
1802,"Phodopus campbelli","LC",2016
1803,"Phodopus roborovskii","LC",2016
1804,"Phoebastria albatrus","VU",2018
1805,"Phoebastria immutabilis","NT",2018
1806,"Phoenicurus alaschanicus","NT",2016
1807,"Phoenicurus auroreus","LC",2016
1808,"Phoenicurus coeruleocephala","LC",2016
1809,"Phoenicurus erythrogastrus","LC",2017
1810,"Phoenicurus erythronotus","LC",2017
1811,"Phoenicurus frontalis","LC",2016
1812,"Phoenicurus fuliginosus","LC",2016
1813,"Phoenicurus hodgsoni","LC",2016
1814,"Phoenicurus leucocephalus","LC",2016
1815,"Phoenicurus ochruros","LC",2019
1816,"Phoenicurus schisticeps","LC",2016
1817,"Phrynocephalus alpherakii","LC",2019
1818,"Phrynocephalus axillaris","LC",2019
1819,"Phrynocephalus erythrurus","LC",2019
1820,"Phrynocephalus forsythii","LC",2019
1821,"Phrynocephalus frontalis","LC",2019
1822,"Phrynocephalus helioscopus","LC",2019
1823,"Phrynocephalus kuschakewitschi","LC",2017
1824,"Phrynocephalus melanurus","LC",2019
1825,"Phrynocephalus mystaceus","LC",2019
1826,"Phrynocephalus przewalskii","LC",2019
1827,"Phrynocephalus putjatai","LC",2019
1828,"Phrynocephalus theobaldi","LC",2021
1829,"Phrynocephalus versicolor","LC",2019
1830,"Phrynocephalus vlangalii","LC",2019
1831,"Phyllergates cucullatus","LC",2017
1832,"Phylloscopus affinis","LC",2017
1833,"Phylloscopus armandii","LC",2016
1834,"Phylloscopus borealis","LC",2016
1835,"Phylloscopus burkii","LC",2019
1836,"Phylloscopus calciatilis","LC",2017
1837,"Phylloscopus cantator","LC",2016
1838,"Phylloscopus castaniceps","LC",2016
1839,"Phylloscopus chloronotus","LC",2018
1840,"Phylloscopus claudiae","LC",2016
1841,"Phylloscopus coronatus","LC",2016
1842,"Phylloscopus emeiensis","LC",2016
1843,"Phylloscopus forresti","LC",2016
1844,"Phylloscopus fuligiventer","LC",2016
1845,"Phylloscopus fuscatus","LC",2016
1846,"Phylloscopus goodsoni","LC",2016
1847,"Phylloscopus griseolus","LC",2017
1848,"Phylloscopus hainanus","VU",2019
1849,"Phylloscopus humei","LC",2016
1850,"Phylloscopus inornatus","LC",2019
1851,"Phylloscopus intensior","LC",2017
1852,"Phylloscopus intermedius","LC",2018
1853,"Phylloscopus kansuensis","LC",2016
1854,"Phylloscopus maculipennis","LC",2016
1855,"Phylloscopus magnirostris","LC",2018
1856,"Phylloscopus ogilviegranti","LC",2018
1857,"Phylloscopus omeiensis","LC",2016
1858,"Phylloscopus plumbeitarsus","LC",2016
1859,"Phylloscopus poliogenys","LC",2016
1860,"Phylloscopus proregulus","LC",2016
1861,"Phylloscopus pulcher","LC",2016
1862,"Phylloscopus reguloides","LC",2016
1863,"Phylloscopus ricketti","LC",2016
1864,"Phylloscopus schwarzi","LC",2016
1865,"Phylloscopus sindianus","LC",2019
1866,"Phylloscopus soror","LC",2016
1867,"Phylloscopus subaffinis","LC",2016
1868,"Phylloscopus tenellipes","LC",2016
1869,"Phylloscopus tephrocephalus","LC",2016
1870,"Phylloscopus tristis","LC",2017
1871,"Phylloscopus trochiloides","LC",2017
1872,"Phylloscopus valentini","LC",2016
1873,"Phylloscopus whistleri","LC",2016
1874,"Phylloscopus xanthoschistos","LC",2016
1875,"Phylloscopus yunnanensis","LC",2016
1876,"Physeter macrocephalus","VU",2019
1877,"Physignathus cocincinus","VU",2019
1878,"Pica pica","LC",2017
1879,"Picoides canicapillus","LC",2016
1880,"Picoides funebris","LC",2016
1881,"Picoides kizuki","LC",2016
1882,"Picoides tridactylus","LC",2016
1883,"Picumnus innominatus","LC",2018
1884,"Picus canus","LC",2016
1885,"Picus chlorolophus","LC",2016
1886,"Picus guerini","LC",2016
1887,"Picus rabieri","NT",2017
1888,"Picus vittatus","LC",2016
1889,"Picus xanthopygaeus","LC",2016
1890,"Pinicola enucleator","LC",2018
1891,"Pipistrellus abramus","LC",2019
1892,"Pipistrellus aladdin","DD",2019
1893,"Pipistrellus ceylonicus","LC",2019
1894,"Pipistrellus coromandra","LC",2019
1895,"Pipistrellus javanicus","LC",2019
1896,"Pipistrellus paterculus","LC",2019
1897,"Pitta moluccensis","LC",2016
1898,"Pitta nympha","VU",2017
1899,"Pitta sordida","LC",2016
1900,"Plagiopholis blakewayi","LC",2012
1901,"Plagiopholis nuchalis","LC",2012
1902,"Plagiopholis styani","LC",2012
1903,"Platalea leucorodia","LC",2019
1904,"Platalea minor","EN",2017
1905,"Platysternon megacephalum","CR",2021
1906,"Plecotus ariel","DD",2019
1907,"Plecotus kozlovi","LC",2021
1908,"Plecotus ognevi","LC",2019
1909,"Plecotus strelkovi","LC",2020
1910,"Plecotus taivanus","NT",2019
1911,"Plestiodon capito","LC",2019
1912,"Plestiodon chinensis","LC",2019
1913,"Plestiodon elegans","LC",2019
1914,"Plestiodon leucostictus","NT",2021
1915,"Plestiodon liui","DD",2019
1916,"Plestiodon popei","DD",2019
1917,"Plestiodon quadrilineatus","LC",2018
1918,"Plestiodon tamdaoensis","LC",2019
1919,"Plestiodon tunganus","NT",2019
1920,"Ploceus benghalensis","LC",2018
1921,"Ploceus manyar","LC",2016
1922,"Ploceus philippinus","LC",2016
1923,"Pnoepyga formosana","LC",2016
1924,"Pnoepyga pusilla","LC",2016
1925,"Podiceps auritus","VU",2018
1926,"Podiceps cristatus","LC",2019
1927,"Podiceps grisegena","LC",2018
1928,"Podiceps nigricollis","LC",2018
1929,"Podoces biddulphi","NT",2017
1930,"Podoces hendersoni","LC",2016
1931,"Poecile cinctus","LC",2016
1932,"Poecile davidi","LC",2016
1933,"Poecile hypermelaenus","LC",2017
1934,"Poecile montanus","LC",2019
1935,"Poecile palustris","LC",2017
1936,"Poecile superciliosus","LC",2016
1937,"Poecile weigoldicus","LC",2019
1938,"Polypedates leucomystax","LC",2004
1939,"Polypedates maculatus","LC",2004
1940,"Polypedates megacephalus","LC",2004
1941,"Polypedates mutus","LC",2004
1942,"Polyplectron bicalcaratum","LC",2016
1943,"Polyplectron katsumatae","EN",2016
1944,"Pomatorhinus ferruginosus","LC",2016
1945,"Pomatorhinus musicus","LC",2016
1946,"Pomatorhinus ochraceiceps","LC",2016
1947,"Pomatorhinus phayrei","LC",2017
1948,"Pomatorhinus ruficollis","LC",2016
1949,"Pomatorhinus superciliaris","LC",2016
1950,"Porphyrio porphyrio","LC",2019
1951,"Porzana porzana","LC",2016
1952,"Prinia atrogularis","LC",2017
1953,"Prinia crinigera","LC",2016
1954,"Prinia flaviventris","LC",2016
1955,"Prinia hodgsonii","LC",2016
1956,"Prinia inornata","LC",2016
1957,"Prinia polychroa","LC",2016
1958,"Prinia rufescens","LC",2016
1959,"Prinia sonitans","LC",2016
1960,"Prinia superciliaris","LC",2016
1961,"Prionailurus bengalensis","LC",2022
1962,"Prionodon pardicolor","LC",2016
1963,"Procapra gutturosa","LC",2016
1964,"Procapra picticaudata","NT",2016
1965,"Procapra przewalskii","EN",2016
1966,"Procarduelis nipalensis","LC",2016
1967,"Proedromys bedfordi","VU",2016
1968,"Proedromys liangshanensis","DD",2016
1969,"Protobothrops jerdonii","LC",2012
1970,"Protobothrops kaulbacki","DD",2012
1971,"Protobothrops mucrosquamatus","LC",2021
1972,"Protobothrops xiangchengensis","LC",2012
1973,"Prunella atrogularis","LC",2016
1974,"Prunella collaris","LC",2016
1975,"Prunella fulvescens","LC",2018
1976,"Prunella himalayana","LC",2018
1977,"Prunella immaculata","LC",2016
1978,"Prunella koslowi","LC",2016
1979,"Prunella montanella","LC",2016
1980,"Prunella rubeculoides","LC",2016
1981,"Prunella strophiata","LC",2016
1982,"Psarisomus dalhousiae","LC",2016
1983,"Pseudagkistrodon rudis","LC",2012
1984,"Pseudocalotes brevipes","LC",2019
1985,"Pseudocalotes kakhienensis","LC",2021
1986,"Pseudocalotes kingdonwardi","LC",2018
1987,"Pseudocalotes microlepis","LC",2021
1988,"Pseudohynobius flavomaculatus","VU",2020
1989,"Pseudohynobius guizhouensis","DD",2020
1990,"Pseudohynobius jinfo","EN",2020
1991,"Pseudohynobius kuankuoshuiensis","CR",2020
1992,"Pseudohynobius puxiongensis","CR",2020
1993,"Pseudohynobius shuichengensis","CR",2020
1994,"Pseudois nayaur","LC",2014
1995,"Pseudopodoces humilis","LC",2017
1996,"Pseudorana weiningensis","LC",2020
1997,"Pseudorca crassidens","NT",2018
1998,"Pseudoxenodon bambusicola","LC",2012
1999,"Pseudoxenodon karlschmidti","LC",2014
2000,"Pseudoxenodon macrops","LC",2012
2001,"Pseudoxenodon stejnegeri","LC",2014
2002,"Psilopogon asiaticus","LC",2016
2003,"Psilopogon cyanotis","LC",2016
2004,"Psilopogon faber","LC",2016
2005,"Psilopogon faiostrictus","LC",2018
2006,"Psilopogon franklinii","LC",2016
2007,"Psilopogon haemacephalus","LC",2016
2008,"Psilopogon lineatus","LC",2016
2009,"Psilopogon nuchalis","LC",2016
2010,"Psilopogon virens","LC",2018
2011,"Psittacula alexandri","NT",2017
2012,"Psittacula derbiana","NT",2016
2013,"Pterocles orientalis","LC",2018
2014,"Pteromys volans","LC",2016
2015,"Pteropus dasymallus","VU",2017
2016,"Pteropus giganteus","LC",2020
2017,"Pteropus vampyrus","NT",2008
2018,"Pteruthius aenobarbus","LC",2016
2019,"Pteruthius aeralatus","LC",2016
2020,"Pteruthius melanotis","LC",2016
2021,"Pteruthius rufiventer","LC",2016
2022,"Pteruthius xanthochlorus","LC",2016
2023,"Ptyas major","LC",2014
2024,"Ptyas multicinctus","LC",2012
2025,"Ptyonoprogne concolor","LC",2016
2026,"Ptyonoprogne rupestris","LC",2017
2027,"Pucrasia macrolopha","LC",2016
2028,"Pycnonotus aurigaster","LC",2016
2029,"Pycnonotus cafer","LC",2018
2030,"Pycnonotus finlaysoni","LC",2016
2031,"Pycnonotus flavescens","LC",2016
2032,"Pycnonotus jocosus","LC",2017
2033,"Pycnonotus sinensis","LC",2018
2034,"Pycnonotus taivanus","VU",2021
2035,"Pycnonotus xanthorrhous","LC",2016
2036,"Pygeretmus pumilio","LC",2016
2037,"Pyrgilauda blanfordi","LC",2016
2038,"Pyrgilauda davidiana","LC",2016
2039,"Pyrgilauda ruficollis","LC",2018
2040,"Pyrrhocorax graculus","LC",2016
2041,"Pyrrhocorax pyrrhocorax","LC",2016
2042,"Pyrrhoplectes epauletta","LC",2016
2043,"Pyrrhula erythaca","LC",2018
2044,"Pyrrhula erythrocephala","LC",2016
2045,"Pyrrhula nipalensis","LC",2016
2046,"Pyrrhula pyrrhula","LC",2018
2047,"Python bivittatus","VU",2012
2048,"Quasipaa acanthophora","VU",2017
2049,"Quasipaa boulengeri","EN",2004
2050,"Quasipaa delacouri","LC",2022
2051,"Quasipaa exilispinosa","LC",2020
2052,"Quasipaa jiulongensis","VU",2020
2053,"Quasipaa robertingeri","EN",2004
2054,"Quasipaa shini","EN",2020
2055,"Quasipaa spinosa","VU",2004
2056,"Quasipaa verrucospinosa","LC",2022
2057,"Quasipaa yei","VU",2020
2058,"Rafetus swinhoei","CR",2021
2059,"Rallina eurizonoides","LC",2020
2060,"Rallus aquaticus","LC",2019
2061,"Rallus indicus","LC",2016
2062,"Ramphiculus leclancheri","LC",2018
2063,"Rana amurensis","LC",2020
2064,"Rana arvalis","LC",2009
2065,"Rana asiatica","LC",2004
2066,"Rana chaochiaoensis","LC",2020
2067,"Rana chensinensis","LC",2004
2068,"Rana chevronta","CR",2020
2069,"Rana coreana","LC",2019
2070,"Rana dybowskii","LC",2004
2071,"Rana hanluica","DD",2008
2072,"Rana huanrensis","LC",2019
2073,"Rana johnsi","LC",2004
2074,"Rana kukunoris","LC",2020
2075,"Rana longicrus","VU",2004
2076,"Rana luanchuanensis","DD",2020
2077,"Rana omeimontis","LC",2021
2078,"Rana sauteri","VU",2020
2079,"Rana shuchinae","LC",2020
2080,"Rana zhengi","DD",2020
2081,"Rana zhenhaiensis","LC",2004
2082,"Ranodon sibiricus","EN",2004
2083,"Raorchestes andersoni","LC",2004
2084,"Raorchestes annandalii","LC",2004
2085,"Raorchestes longchuanensis","LC",2004
2086,"Raorchestes menglaensis","LC",2020
2087,"Raorchestes parvulus","LC",2016
2088,"Rattus andamanensis","LC",2016
2089,"Rattus exulans","LC",2016
2090,"Rattus losea","LC",2016
2091,"Rattus nitidus","LC",2016
2092,"Rattus norvegicus","LC",2016
2093,"Rattus pyctoris","LC",2016
2094,"Rattus tanezumi","LC",2016
2095,"Ratufa bicolor","NT",2016
2096,"Recurvirostra avosetta","LC",2021
2097,"Regulus goodfellowi","LC",2016
2098,"Regulus regulus","LC",2018
2099,"Remiz consobrinus","LC",2017
2100,"Remiz coronatus","LC",2016
2101,"Rhabdophis adleri","LC",2012
2102,"Rhabdophis callichroma","DD",2012
2103,"Rhabdophis leonardi","LC",2012
2104,"Rhabdophis nigrocinctus","LC",2012
2105,"Rhabdophis nuchalis","LC",2012
2106,"Rhabdophis pentasupralabialis","LC",2012
2107,"Rhabdophis subminiatus","LC",2021
2108,"Rhabdophis swinhonis","LC",2012
2109,"Rhabdophis tigrinus","LC",2021
2110,"Rhacophorus bipunctatus","LC",2008
2111,"Rhacophorus gongshanensis","NT",2004
2112,"Rhacophorus kio","LC",2017
2113,"Rhacophorus laoshan","DD",2020
2114,"Rhacophorus maximus","LC",2004
2115,"Rhacophorus rhodopus","LC",2009
2116,"Rhacophorus taronensis","DD",2004
2117,"Rhacophorus translineatus","DD",2004
2118,"Rhacophorus tuberculatus","DD",2004
2119,"Rhacophorus verrucopus","NT",2020
2120,"Rhinolophus affinis","LC",2020
2121,"Rhinolophus ferrumequinum","LC",2016
2122,"Rhinolophus formosae","LC",2019
2123,"Rhinolophus hipposideros","LC",2016
2124,"Rhinolophus huananus","LC",2020
2125,"Rhinolophus lepidus","LC",2019
2126,"Rhinolophus luctus","LC",2019
2127,"Rhinolophus macrotis","LC",2019
2128,"Rhinolophus marshalli","LC",2019
2129,"Rhinolophus osgoodi","LC",2020
2130,"Rhinolophus paradoxolophus","LC",2008
2131,"Rhinolophus pearsonii","LC",2019
2132,"Rhinolophus pusillus","LC",2019
2133,"Rhinolophus rex","EN",2020
2134,"Rhinolophus schnitzleri","DD",2019
2135,"Rhinolophus siamensis","LC",2019
2136,"Rhinolophus sinicus","LC",2019
2137,"Rhinolophus subbadius","LC",2019
2138,"Rhinolophus thomasi","LC",2019
2139,"Rhinolophus trifoliatus","NT",2020
2140,"Rhinolophus xinanzhongguoensis","NT",2017
2141,"Rhinolophus yunanensis","LC",2019
2142,"Rhinopithecus bieti","EN",2020
2143,"Rhinopithecus brelichi","CR",2022
2144,"Rhinopithecus roxellana","EN",2021
2145,"Rhinopithecus strykeri","CR",2020
2146,"Rhipidura albicollis","LC",2016
2147,"Rhipidura aureola","LC",2016
2148,"Rhizomys pruinosus","LC",2016
2149,"Rhizomys sinensis","LC",2016
2150,"Rhizomys sumatrensis","LC",2016
2151,"Rhodopechys sanguineus","LC",2016
2152,"Rhodospiza obsoleta","LC",2016
2153,"Rhombomys opimus","LC",2016
2154,"Rhopophilus albosuperciliaris","LC",2016
2155,"Rhopophilus pekinensis","LC",2016
2156,"Riparia chinensis","LC",2016
2157,"Riparia diluta","LC",2017
2158,"Riparia riparia","LC",2019
2159,"Rohanixalus vittatus","LC",2004
2160,"Rostratula benghalensis","LC",2016
2161,"Rousettus amplexicaudatus","LC",2019
2162,"Rousettus leschenaultii","NT",2021
2163,"Rubigula flaviventris","LC",2016
2164,"Rucervus eldii","EN",2015
2165,"Rusa unicolor","VU",2015
2166,"Rynchops albicollis","EN",2020
2167,"Sacalia quadriocellata","CR",2021
2168,"Salamandrella keyserlingii","LC",2008
2169,"Salpingotus crassicauda","LC",2016
2170,"Salpingotus kozlovi","LC",2016
2171,"Sarcogyps calvus","CR",2021
2172,"Sarkidiornis melanotos","LC",2016
2173,"Sasia ochracea","LC",2016
2174,"Saundersilarus saundersi","VU",2018
2175,"Saxicola caprata","LC",2016
2176,"Saxicola ferreus","LC",2017
2177,"Saxicola insignis","VU",2018
2178,"Saxicola jerdoni","LC",2016
2179,"Saxicola torquatus","LC",2020
2180,"Scapanulus oweni","LC",2016
2181,"Scaptochirus moschatus","LC",2016
2182,"Scaptonyx fusicaudus","LC",2016
2183,"Schoeniparus brunneus","LC",2017
2184,"Schoeniparus castaneceps","LC",2016
2185,"Schoeniparus cinereus","LC",2018
2186,"Schoeniparus dubius","LC",2016
2187,"Schoeniparus rufogularis","LC",2016
2188,"Schoeniparus variegaticeps","VU",2016
2189,"Scincella barbouri","LC",2019
2190,"Scincella doriae","LC",2018
2191,"Scincella formosensis","LC",2019
2192,"Scincella huanrenensis","CR",2019
2193,"Scincella modesta","LC",2021
2194,"Scincella monticola","LC",2019
2195,"Scincella ochracea","LC",2019
2196,"Scincella potanini","LC",2019
2197,"Scincella przewalskii","DD",2019
2198,"Scincella schmidti","DD",2019
2199,"Scincella tsinlingensis","LC",2019
2200,"Sciurotamias davidianus","LC",2016
2201,"Sciurotamias forresti","LC",2016
2202,"Sciurus vulgaris","LC",2016
2203,"Scolopax rusticola","LC",2019
2204,"Scotomanes ornatus","LC",2021
2205,"Scotophilus heathii","LC",2019
2206,"Scotophilus kuhlii","LC",2019
2207,"Scutiger adungensis","DD",2022
2208,"Scutiger boulengeri","LC",2004
2209,"Scutiger brevipes","DD",2020
2210,"Scutiger chintingensis","VU",2020
2211,"Scutiger glandulatus","LC",2020
2212,"Scutiger gongshanensis","LC",2020
2213,"Scutiger jiulongensis","EN",2020
2214,"Scutiger liupanensis","EN",2020
2215,"Scutiger maculatus","CR",2004
2216,"Scutiger mammatus","LC",2020
2217,"Scutiger muliensis","EN",2020
2218,"Scutiger nepalensis","VU",2004
2219,"Scutiger ningshanensis","LC",2021
2220,"Scutiger nyingchiensis","LC",2004
2221,"Scutiger pingwuensis","EN",2020
2222,"Scutiger sikimmensis","LC",2004
2223,"Scutiger tengchongensis","DD",2020
2224,"Scutiger tuberculatus","VU",2020
2225,"Scutiger wanglangensis","VU",2020
2226,"Scutiger wuguanfui","DD",2020
2227,"Selevinia betpakdalaensis","DD",2016
2228,"Semnopithecus schistaceus","LC",2020
2229,"Serilophus lunatus","LC",2016
2230,"Serinus pusillus","LC",2016
2231,"Sibia morrisoniana","LC",2016
2232,"Sibia nipalensis","LC",2016
2233,"Sibia souliei","LC",2016
2234,"Sibia waldeni","LC",2018
2235,"Sibynophis chinensis","LC",2014
2236,"Sibynophis collaris","LC",2021
2237,"Sicista caudata","DD",2016
2238,"Sicista concolor","LC",2016
2239,"Sicista pseudonapaea","DD",2016
2240,"Sicista subtilis","LC",2017
2241,"Sicista tianshanica","LC",2016
2242,"Sinomicrurus kelloggi","LC",2012
2243,"Sinomicrurus sauteri","LC",2012
2244,"Sitta cinnamoventris","LC",2016
2245,"Sitta europaea","LC",2018
2246,"Sitta formosa","VU",2020
2247,"Sitta frontalis","LC",2016
2248,"Sitta himalayensis","LC",2016
2249,"Sitta magna","EN",2020
2250,"Sitta nagaensis","LC",2016
2251,"Sitta przewalskii","LC",2016
2252,"Sitta solangiae","NT",2018
2253,"Sitta villosa","LC",2016
2254,"Sitta yunnanensis","NT",2017
2255,"Sittiparus castaneoventris","LC",2017
2256,"Sittiparus varius","LC",2017
2257,"Siva cyanouroptera","LC",2016
2258,"Sorex asper","LC",2016
2259,"Sorex bedfordiae","LC",2017
2260,"Sorex caecutiens","LC",2016
2261,"Sorex cansulus","DD",2016
2262,"Sorex cylindricauda","LC",2017
2263,"Sorex daphaenodon","LC",2016
2264,"Sorex excelsus","LC",2016
2265,"Sorex gracillimus","LC",2016
2266,"Sorex isodon","LC",2016
2267,"Sorex kozlovi","DD",2016
2268,"Sorex minutissimus","LC",2016
2269,"Sorex minutus","LC",2016
2270,"Sorex mirabilis","DD",2016
2271,"Sorex planiceps","LC",2017
2272,"Sorex roboratus","LC",2016
2273,"Sorex sinalis","DD",2016
2274,"Sorex thibetanus","DD",2016
2275,"Sorex tundrensis","LC",2016
2276,"Sorex unguiculatus","LC",2016
2277,"Soriculus nigrescens","LC",2016
2278,"Sousa chinensis","VU",2017
2279,"Spatula clypeata","LC",2019
2280,"Spatula querquedula","LC",2016
2281,"Spelaeornis reptatus","LC",2016
2282,"Spelaeornis troglodytoides","LC",2018
2283,"Spermophilus alashanicus","LC",2016
2284,"Spermophilus brevicauda","LC",2016
2285,"Spermophilus dauricus","LC",2016
2286,"Spermophilus erythrogenys","LC",2016
2287,"Spermophilus fulvus","LC",2017
2288,"Spermophilus major","LC",2017
2289,"Spermophilus pallidicauda","LC",2017
2290,"Spermophilus ralli","LC",2016
2291,"Sphaerias blanfordi","LC",2021
2292,"Sphenomorphus incognitus","LC",2019
2293,"Sphenomorphus taiwanensis","LC",2021
2294,"Sphenomorphus tonkinensis","LC",2019
2295,"Spilopelia chinensis","LC",2016
2296,"Spilopelia senegalensis","LC",2018
2297,"Spilornis cheela","LC",2016
2298,"Spinus spinus","LC",2017
2299,"Spinus thibetanus","LC",2016
2300,"Spizixos canifrons","LC",2016
2301,"Spizixos semitorques","LC",2016
2302,"Spodiopsar cineraceus","LC",2016
2303,"Spodiopsar sericeus","LC",2018
2304,"Stachyris nigriceps","LC",2016
2305,"Stachyris nonggangensis","VU",2019
2306,"Stachyris roberti","NT",2018
2307,"Stachyris strialata","LC",2016
2308,"Stenella attenuata","LC",2018
2309,"Stenella coeruleoalba","LC",2019
2310,"Stenella longirostris","LC",2018
2311,"Steno bredanensis","LC",2019
2312,"Sterna acuticauda","EN",2017
2313,"Sterna aurantia","VU",2020
2314,"Sterna dougallii","LC",2018
2315,"Sterna hirundo","LC",2019
2316,"Sterna sumatrana","LC",2018
2317,"Sternula albifrons","LC",2019
2318,"Stichophanes ningshaanensis","DD",2018
2319,"Strauchbufo raddei","LC",2004
2320,"Streptopelia decaocto","LC",2019
2321,"Streptopelia orientalis","LC",2016
2322,"Streptopelia tranquebarica","LC",2018
2323,"Streptopelia turtur","VU",2019
2324,"Strix aluco","LC",2016
2325,"Strix leptogrammica","LC",2016
2326,"Strix nebulosa","LC",2021
2327,"Strix nivicolum","LC",2016
2328,"Strix uralensis","LC",2021
2329,"Sturnia malabarica","LC",2016
2330,"Sturnia pagodarum","LC",2018
2331,"Sturnia sinensis","LC",2016
2332,"Sturnus vulgaris","LC",2019
2333,"Stylodipus andrewsi","LC",2017
2334,"Stylodipus sungorus","LC",2016
2335,"Stylodipus telum","LC",2017
2336,"Submyotodon latirostris","LC",2017
2337,"Suncus etruscus","LC",2017
2338,"Suncus murinus","LC",2016
2339,"Surnia ulula","LC",2021
2340,"Surniculus dicruroides","LC",2016
2341,"Sus scrofa","LC",2019
2342,"Suthora fulvifrons","LC",2016
2343,"Suthora nipalensis","LC",2020
2344,"Suthora verreauxi","LC",2018
2345,"Sylviparus modestus","LC",2016
2346,"Sylvirana cubitalis","LC",2008
2347,"Sylvirana guentheri","LC",2004
2348,"Sylvirana maosonensis","LC",2016
2349,"Sylvirana nigrovittata","LC",2004
2350,"Sylvirana spinulosa","VU",2020
2351,"Synoicus chinensis","LC",2016
2352,"Synthliboramphus antiquus","LC",2018
2353,"Syrmaticus ellioti","NT",2016
2354,"Syrmaticus humiae","NT",2016
2355,"Syrmaticus mikado","NT",2016
2356,"Syrmaticus reevesii","VU",2018
2357,"Syrrhaptes paradoxus","LC",2017
2358,"Syrrhaptes tibetanus","LC",2016
2359,"Tachybaptus ruficollis","LC",2019
2360,"Tadarida latouchei","EN",2020
2361,"Tadarida teniotis","LC",2016
2362,"Tadorna ferruginea","LC",2016
2363,"Tadorna tadorna","LC",2019
2364,"Takydromus albomaculosus","DD",2021
2365,"Takydromus amurensis","LC",2021
2366,"Takydromus formosanus","LC",2019
2367,"Takydromus hsuehshanensis","LC",2019
2368,"Takydromus intermedius","LC",2019
2369,"Takydromus kuehnei","LC",2019
2370,"Takydromus luyeanus","LC",2019
2371,"Takydromus sauteri","NT",2021
2372,"Takydromus septentrionalis","LC",2019
2373,"Takydromus sexlineatus","LC",2021
2374,"Takydromus stejnegeri","LC",2019
2375,"Takydromus sylvaticus","LC",2019
2376,"Takydromus viridipunctatus","LC",2019
2377,"Takydromus wolteri","LC",2021
2378,"Tamiops maritimus","LC",2017
2379,"Tamiops mcclellandii","LC",2017
2380,"Tamiops swinhoei","LC",2017
2381,"Taphozous melanopogon","LC",2019
2382,"Taphozous theobaldi","LC",2019
2383,"Tarsiger chrysaeus","LC",2016
2384,"Tarsiger cyanurus","LC",2016
2385,"Tarsiger hyperythrus","LC",2016
2386,"Tarsiger indicus","LC",2016
2387,"Tarsiger johnstoniae","LC",2016
2388,"Tarsiger rufilatus","LC",2016
2389,"Temnurus temnurus","LC",2016
2390,"Tenuidactylus dadunensis","DD",2019
2391,"Tenuidactylus elongatus","LC",2017
2392,"Tephrodornis virgatus","LC",2016
2393,"Teratoscincus przewalskii","LC",2019
2394,"Teratoscincus roborowskii","LC",2019
2395,"Teratoscincus scincus","LC",2021
2396,"Terpsiphone affinis","LC",2017
2397,"Terpsiphone atrocaudata","NT",2016
2398,"Terpsiphone incei","LC",2017
2399,"Tesia cyaniventer","LC",2016
2400,"Tesia olivea","LC",2016
2401,"Tetraogallus altaicus","LC",2016
2402,"Tetraogallus himalayensis","LC",2018
2403,"Tetraogallus tibetanus","LC",2016
2404,"Tetraophasis obscurus","LC",2016
2405,"Tetraophasis szechenyii","LC",2016
2406,"Tetrao urogalloides","LC",2016
2407,"Tetrao urogallus","LC",2016
2408,"Tetrax tetrax","NT",2018
2409,"Thainycteris aureocollaris","LC",2020
2410,"Thalasseus bergii","LC",2018
2411,"Thalasseus bernsteini","CR",2018
2412,"Theloderma albopunctatum","DD",2004
2413,"Theloderma asperum","LC",2004
2414,"Theloderma baibungense","DD",2020
2415,"Theloderma corticale","LC",2017
2416,"Theloderma gordoni","LC",2016
2417,"Theloderma kwangsiense","DD",2004
2418,"Theloderma lateriticum","LC",2017
2419,"Theloderma moloch","VU",2004
2420,"Theloderma rhododiscus","NT",2004
2421,"Thermophis baileyi","NT",2014
2422,"Thermophis zhaoermii","EN",2014
2423,"Threskiornis melanocephalus","NT",2016
2424,"Tichodroma muraria","LC",2019
2425,"Tickellia hodgsoni","LC",2018
2426,"Timalia pileata","LC",2016
2427,"Trachypithecus crepusculus","EN",2021
2428,"Trachypithecus francoisi","EN",2020
2429,"Trachypithecus leucocephalus","CR",2020
2430,"Trachypithecus pileatus","VU",2020
2431,"Trachypithecus shortridgei","EN",2020
2432,"Tragopan blythii","VU",2020
2433,"Tragopan caboti","VU",2020
2434,"Tragopan satyra","NT",2016
2435,"Tragopan temminckii","LC",2016
2436,"Tragulus kanchil","LC",2015
2437,"Tragulus williamsoni","DD",2015
2438,"Trapelus sanguinolentus","LC",2019
2439,"Treron apicauda","LC",2018
2440,"Treron curvirostra","LC",2018
2441,"Treron formosae","NT",2016
2442,"Treron phayrei","NT",2020
2443,"Treron phoenicopterus","LC",2016
2444,"Treron sieboldii","LC",2016
2445,"Treron sphenurus","LC",2016
2446,"Trimeresurus albolabris","LC",2012
2447,"Trimerodytes aequifasciatus","LC",2012
2448,"Trimerodytes percarinatus","LC",2012
2449,"Trimerodytes yunnanensis","LC",2012
2450,"Tringa glareola","LC",2016
2451,"Tringa nebularia","LC",2016
2452,"Tringa ochropus","LC",2016
2453,"Tringa stagnatilis","LC",2016
2454,"Tringa totanus","LC",2016
2455,"Trochalopteron affine","LC",2018
2456,"Trochalopteron chrysopterum","LC",2017
2457,"Trochalopteron elliotii","LC",2017
2458,"Trochalopteron erythrocephalum","LC",2017
2459,"Trochalopteron formosum","LC",2018
2460,"Trochalopteron henrici","LC",2017
2461,"Trochalopteron imbricatum","LC",2018
2462,"Trochalopteron lineatum","LC",2018
2463,"Trochalopteron melanostigma","LC",2016
2464,"Trochalopteron milnei","LC",2016
2465,"Trochalopteron morrisonianum","LC",2016
2466,"Trochalopteron squamatum","LC",2018
2467,"Trochalopteron subunicolor","LC",2016
2468,"Trochalopteron variegatum","LC",2016
2469,"Troglodytes troglodytes","LC",2018
2470,"Trogopterus xanthipes","NT",2016
2471,"Tropicoperdix chloropus","LC",2021
2472,"Tropidophorus berdmorei","LC",2019
2473,"Tropidophorus guangxiensis","DD",2021
2474,"Tropidophorus hainanus","LC",2019
2475,"Tropidophorus sinicus","LC",2019
2476,"Tscherskia triton","LC",2016
2477,"Tupaia belangeri","LC",2016
2478,"Turdus albocinctus","LC",2016
2479,"Turdus atrogularis","LC",2017
2480,"Turdus boulboul","LC",2016
2481,"Turdus cardis","LC",2018
2482,"Turdus dissimilis","LC",2016
2483,"Turdus feae","VU",2019
2484,"Turdus hortulorum","LC",2018
2485,"Turdus kessleri","LC",2016
2486,"Turdus mandarinus","LC",2018
2487,"Turdus maximus","LC",2018
2488,"Turdus merula","LC",2016
2489,"Turdus niveiceps","LC",2016
2490,"Turdus obscurus","LC",2016
2491,"Turdus pallidus","LC",2016
2492,"Turdus pilaris","LC",2016
2493,"Turdus rubrocanus","LC",2016
2494,"Turdus ruficollis","LC",2018
2495,"Turdus viscivorus","LC",2016
2496,"Turnix suscitator","LC",2016
2497,"Turnix sylvaticus","LC",2016
2498,"Turnix tanki","LC",2016
2499,"Tursiops aduncus","NT",2019
2500,"Tursiops truncatus","LC",2019
2501,"Tylonycteris pygmaeus","DD",2020
2502,"Tylonycteris robustula","LC",2020
2503,"Tylototriton anguliceps","LC",2016
2504,"Tylototriton anhuiensis","CR",2020
2505,"Tylototriton asperrimus","NT",2021
2506,"Tylototriton dabienicus","EN",2020
2507,"Tylototriton hainanensis","EN",2021
2508,"Tylototriton kweichowensis","VU",2020
2509,"Tylototriton liuyangensis","EN",2020
2510,"Tylototriton lizhengchangi","CR",2020
2511,"Tylototriton pseudoverrucosus","EN",2020
2512,"Tylototriton shanjing","VU",2020
2513,"Tylototriton taliangensis","VU",2020
2514,"Tylototriton verrucosus","NT",2021
2515,"Tylototriton wenxianensis","VU",2020
2516,"Tylototriton yangi","EN",2020
2517,"Tylototriton ziegleri","VU",2017
2518,"Typhlomys cinereus","LC",2017
2519,"Tyto alba","LC",2019
2520,"Tyto longimembris","LC",2016
2521,"Uperodon globulosus","LC",2004
2522,"Upupa epops","LC",2020
2523,"Urile pelagicus","LC",2019
2524,"Urocissa caerulea","LC",2018
2525,"Urocissa erythroryncha","LC",2018
2526,"Urocissa flavirostris","LC",2017
2527,"Urocissa whiteheadi","EN",2016
2528,"Urocissa xanthomelana","NT",2016
2529,"Urocitellus undulatus","LC",2016
2530,"Urocynchramus pylzowi","LC",2016
2531,"Uropsilus andersoni","DD",2016
2532,"Uropsilus gracilis","LC",2017
2533,"Uropsilus investigator","DD",2016
2534,"Uropsilus soricipes","LC",2016
2535,"Urosphena squameiceps","LC",2016
2536,"Ursus arctos","LC",2017
2537,"Ursus thibetanus","VU",2020
2538,"Vandeleuria oleracea","LC",2017
2539,"Vanellus cinereus","LC",2016
2540,"Vanellus duvaucelii","NT",2016
2541,"Vanellus gregarius","CR",2019
2542,"Vanellus indicus","LC",2016
2543,"Vanellus vanellus","NT",2017
2544,"Varanus bengalensis","NT",2021
2545,"Varanus salvator","LC",2021
2546,"Vernaya fulva","LC",2017
2547,"Vespertilio murinus","LC",2016
2548,"Vespertilio sinensis","LC",2019
2549,"Viverra megaspila","EN",2016
2550,"Viverra zibetha","LC",2016
2551,"Viverricula indica","LC",2015
2552,"Volemys millicens","NT",2016
2553,"Volemys musseri","DD",2016
2554,"Vormela peregusna","VU",2016
2555,"Vulpes corsac","LC",2014
2556,"Vulpes ferrilata","LC",2014
2557,"Xenopeltis hainanensis","LC",2012
2558,"Xenopeltis unicolor","LC",2012
2559,"Xenus cinereus","LC",2019
2560,"Yuhina bakeri","LC",2018
2561,"Yuhina brunneiceps","LC",2016
2562,"Yuhina flavicollis","LC",2016
2563,"Yuhina gularis","LC",2016
2564,"Yuhina nigrimenta","LC",2016
2565,"Yuhina occipitalis","LC",2016
2566,"Zapornia akool","LC",2016
2567,"Zapornia bicolor","LC",2016
2568,"Zapornia fusca","LC",2016
2569,"Zapornia parva","LC",2016
2570,"Zapornia paykullii","NT",2016
2571,"Zapornia pusilla","LC",2019
2572,"Zhangixalus arvalis","EN",2022
2573,"Zhangixalus aurantiventris","EN",2021
2574,"Zhangixalus chenfui","LC",2020
2575,"Zhangixalus dennysi","LC",2004
2576,"Zhangixalus duboisi","VU",2022
2577,"Zhangixalus dugritei","LC",2004
2578,"Zhangixalus feae","LC",2017
2579,"Zhangixalus hui","LC",2021
2580,"Zhangixalus hungfuensis","DD",2004
2581,"Zhangixalus leucofasciatus","DD",2020
2582,"Zhangixalus lishuiensis","DD",2020
2583,"Zhangixalus minimus","NT",2021
2584,"Zhangixalus moltrechti","LC",2022
2585,"Zhangixalus nigropunctatus","LC",2021
2586,"Zhangixalus omeimontis","LC",2020
2587,"Zhangixalus prasinatus","NT",2004
2588,"Zhangixalus puerensis","DD",2004
2589,"Zhangixalus taipeianus","VU",2021
2590,"Zhangixalus wui","VU",2021
2591,"Zhangixalus yaoshanensis","NT",2021
2592,"Zhangixalus yinggelingensis","VU",2020
2593,"Zhangixalus zhoukaiyae","DD",2020
2594,"Ziphius cavirostris","LC",2020
2595,"Zoothera aurea","LC",2019
2596,"Zoothera dauma","LC",2019
2597,"Zoothera dixoni","LC",2016
2598,"Zoothera griseiceps","LC",2016
2599,"Zoothera marginata","LC",2016
2600,"Zoothera mollissima","LC",2016
2601,"Zoothera salimalii","LC",2018
2602,"Zootoca vivipara","LC",2019
2603,"Zosterops erythropleurus","LC",2016
2604,"Zosterops palpebrosus","LC",2019
2605,"Zosterops simplex","LC",2019
NA,"Scarturus elater","LC",2016
NA,"Fowlea yunnanensis","LC",2012
NA,"Suthora atrosuperciliaris","LC",2016
NA,"Paradoxornis paradoxus","LC",2016
NA,"Paradoxornis unicolor","LC",2016
NA,"Paradoxornis aemodium","LC",2018
NA,"Dendrelaphis biloreatus","LC",2021
NA,"Pterorhinus albogularis","LC",2018
NA,"Pterorhinus berthemyi","LC",2018
NA,"Ianthocincla bieti","VU",2017
NA,"Pterorhinus caerulatus","LC",2018
NA,"Pterorhinus chinensis","LC",2017
NA,"Ianthocincla cineracea","LC",2017
NA,"Ianthocincla cinereiceps","LC",2016
NA,"Pterorhinus davidi","LC",2016
NA,"Pterorhinus koslowi","NT",2016
NA,"Pterorhinus lanceolatus","LC",2018
NA,"Ianthocincla lunulata","LC",2016
NA,"Ianthocincla maxima","LC",2018
NA,"Pterorhinus monachus","NT",2016
NA,"Ianthocincla ocellata","LC",2017
NA,"Pterorhinus pectoralis","LC",2016
NA,"Pterorhinus perspicillatus","LC",2016
NA,"Pterorhinus poecilorhynchus","LC",2016
NA,"Pterorhinus ruficeps","LC",2016
NA,"Pterorhinus ruficollis","LC",2018
NA,"Ianthocincla rufogularis","LC",2018
NA,"Pterorhinus sannio","LC",2016
NA,"Ianthocincla sukatschewi","VU",2016
NA,"Pterorhinus waddelli","NT",2016
NA,"Gloydius intermedius","LC",2021
NA,"Hebius atemporalis","DD",2016
NA,"Hebius bitaeniatus","LC",2016
NA,"Hebius metusia","EN",2016
NA,"Hebius modestus","LC",2016
NA,"Hebius octolineatus","LC",2016
NA,"Hebius optatus","LC",2019
NA,"Humerana lateralis","LC",2008
NA,"Micryletta menglienica","DD",2004
NA,"Suthora davidiana","LC",2016
NA,"Odorrana yunnanensis","LC",2004
NA,"Rana sangzhiensis","LC",2020
NA,"Paradoxornis bakeri","LC",2017
NA,"Paradoxornis gularis","LC",2016
NA,"Paradoxornis ruficeps","LC",2017
NA,"Napothera malacoptila","LC",2018
NA,"Suthora alphonsiana","LC",2018
NA,"Suthora brunnea","LC",2017
NA,"Suthora conspicillata","LC",2016
NA,"Suthora przewalskii","LC",2022
NA,"Suthora ricketti","LC",2017
NA,"Suthora webbiana","LC",2018
NA,"Suthora zappeyi","VU",2017
NA,"Curruca communis","LC",2019
NA,"Curruca curruca","LC",2019
NA,"Curruca nana","LC",2017
NA,"Curruca nisoria","LC",2016
NA,"Pellorneum tickelli","LC",2016
NA,"Gypsophila brevicaudata","LC",2016
NA,"Gypsophila crispifrons","LC",2016
NA,"Staphida castaniceps","LC",2016
NA,"Parayuhina diademata","LC",2016
NA,"Staphida torqueola","LC",2016
