iucn_2021_binomial,Species,China_Red_List,IUCN_Red_List,Body_size_mm,Clutch_size_n,Trophic_level,Habitat_specificity,Geographic_range_size_km2,Dispersal_ratio_dp,Nest_type,Nest_site,Flocking_tendency,Migrant_status,Hunting_vulnerability
Gavia_stellata,Gavia_stellata,0,0,631.5,1,6,2,181.16,13.16,1,5,1,2,0
Gavia_arctica,Gavia_arctica,0,0,686.15,1.5,6,5,152.12,11.13,1,4,1,2,0
Tachybaptus_ruficollis,Tachybaptus_ruficollis,0,0,158.15,5.5,6,2,961.58,18.92,1,4,1,0,0
Podiceps_grisegena,Podiceps_grisegena,1,0,513.75,2.5,6,2,352.85,18.17,1,4,0,2,0
Podiceps_cristatus,Podiceps_cristatus,0,0,512,2.5,6,6,959.02,10.09,1,4,0,2,0
Podiceps_auritus,Podiceps_auritus,1,0,376.5,2.5,6,2,189.26,19.27,1,4,0,2,0
Podiceps_nigricollis,Podiceps_nigricollis,0,0,196,5,6,5,838.81,18.91,1,4,1,2,0
Phoebastria_albatrus,Phoebastria_albatrus,1,1,925,1,6,1,19.21,18.2,1,5,0,2,0
Pelecanus_onocrotalus,Pelecanus_onocrotalus,3,0,1575,1.5,6,3,358.72,19.13,1,5,1,2,1
Pelecanus_philippensis,Pelecanus_philippensis,3,1,1250,3.5,6,2,310.35,16.17,1,1,1,2,1
Pelecanus_crispus,Pelecanus_crispus,3,1,1700,3.5,6,7,661.86,31.27,1,1,1,1,1
Sula_dactylatra,Sula_dactylatra,0,0,800,1,6,1,16.01,35.7,1,5,1,1,0
Sula_sula,Sula_sula,1,0,715,1,6,1,15.12,21.89,1,3,1,2,0
Sula_leucogaster,Sula_leucogaster,0,0,690,1,6,3,72.88,38.18,1,5,1,2,0
Phalacrocorax_carbo,Phalacrocorax_carbo,0,0,798,2,6,5,961.58,17.36,1,1,1,2,1
Phalacrocorax_pelagicus,Phalacrocorax_pelagicus,1,0,739.15,3.5,6,2,138.62,11.97,1,5,1,1,0
Phalacrocorax_urile,Phalacrocorax_urile,0,0,730,3.5,6,2,12.8,15.8,1,5,0,2,0
Phalacrocorax_niger,Phalacrocorax_niger,0,0,505,2,6,5,39,16.19,1,5,1,1,0
Fregata_minor,Fregata_minor,0,0,900,1,6,1,81.58,53.53,1,3,1,1,0
Ardea_cinerea,Ardea_cinerea,0,0,888,5,6,6,961.58,38.32,1,5,1,1,1
Ardea_purpurea,Ardea_purpurea,0,0,901.5,2.5,6,5,606.69,36.2,1,5,0,1,0
Ardea_alba,Ardea_alba,0,0,888.15,2,6,5,819.2,36.27,1,1,1,1,1
Ardea_intermedia,Egretta_intermedia,0,0,666.5,2,6,6,291.12,39.68,1,3,1,2,1
Egretta_garzetta,Egretta_garzetta,0,0,596.5,2.5,6,8,295.09,35.1,1,1,0,1,1
Egretta_eulophotes,Egretta_eulophotes,1,1,567.5,3,6,7,378.33,32.17,1,3,1,1,2
Egretta_sacra,Egretta_sacra,0,0,675,3.5,6,1,71.86,33.87,1,1,0,1,0
Bubulcus_ibis,Bubulcus_ibis,0,0,509.75,6,6,5,955.92,33.99,1,1,1,1,1
Ardeola_bacchus,Ardeola_bacchus,0,0,262.15,3,6,5,908.62,32.01,1,1,1,1,1
Butorides_striata,Butorides_striata,0,0,231.15,5,6,5,381.13,19.81,1,1,1,2,1
Nycticorax_nycticorax,Nycticorax_nycticorax,0,0,515,2,6,6,821.36,31.92,1,1,0,0,1
Nycticorax_caledonicus,Nycticorax_caledonicus,0,0,600,3.5,6,2,3.61,30.09,1,1,0,0,0
Oroanassa_magnifica,Gorsachius_magnificus,3,3,571.5,1.5,6,1,193.61,32.1,1,1,1,2,1
Gorsachius_melanolophus,Gorsachius_melanolophus,1,0,237.5,2.5,6,2,69.92,17.86,1,1,0,1,0
Ixobrychus_minutus,Ixobrychus_minutus,1,0,325,6.5,6,5,166,18.66,1,5,0,2,0
Ixobrychus_sinensis,Ixobrychus_sinensis,0,0,331.5,7,6,1,606.69,18.91,1,4,0,1,0
Ixobrychus_eurhythmus,Ixobrychus_eurhythmus,0,0,335.5,2,6,3,623.35,17.68,1,5,0,1,0
Ixobrychus_cinnamomeus,Ixobrychus_cinnamomeus,0,0,329.5,2.5,6,6,360.9,17.59,1,5,0,2,0
Ixobrychus_flavicollis,Ixobrychus_flavicollis,0,0,523.75,5,6,6,311.87,31.71,1,3,0,2,0
Botaurus_stellaris,Botaurus_stellaris,0,0,676.75,5,6,7,771.69,31.6,1,5,0,2,1
Anastomus_oscitans,Anastomus_oscitans,0,0,810,3,6,11,80.19,31.12,1,1,0,2,1
Ciconia_nigra,Ciconia_nigra,1,0,1079.5,2.5,6,5,821.36,20.29,1,1,1,2,1
Ciconia_ciconia,Ciconia_ciconia,5,0,1075,2,6,6,166,39.78,1,5,1,2,2
Ciconia_boyciana,Ciconia_boyciana,3,3,1197.15,2.5,6,11,503.56,38.95,1,1,1,2,2
Threskiornis_melanocephalus,Threskiornis_melanocephalus,2,1,700,3,1,8,255.72,31.12,1,1,1,2,2
Nipponia_nippon,Nipponia_nippon,3,3,731.75,3,6,8,10.58,33.68,1,1,2,1,2
Platalea_leucorodia,Platalea_leucorodia,1,0,818,3.5,6,2,961.58,19.96,1,5,2,2,0
Platalea_minor,Platalea_minor,3,3,690,5,6,11,187.71,19.07,1,1,1,2,2
Dendrocygna_javanica,Dendrocygna_javanica,1,0,391,10,1,7,110.57,12.6,1,5,1,2,2
Cygnus_olor,Cygnus_olor,1,0,1239,5.5,1,6,571.99,18.57,1,5,1,2,2
Cygnus_cygnus,Cygnus_cygnus,1,0,1237.75,2.5,3,5,719.33,19.71,1,5,1,2,2
Cygnus_columbianus,Cygnus_columbianus,1,0,1165.5,3.5,3,1,659.93,18.3,1,5,1,2,2
Anser_cygnoid,Anser_cygnoid,1,1,850.15,6,3,10,800.61,18.92,1,5,1,2,2
Anser_fabalis,Anser_fabalis,0,0,751.75,5.5,3,9,681.85,30.02,1,5,1,2,2
Anser_albifrons,Anser_albifrons,0,0,700,2.5,3,10,633.5,17.96,1,5,1,2,2
Anser_erythropus,Anser_erythropus,1,1,580,2.5,3,10,652.91,30.11,1,5,1,1,2
Anser_anser,Anser_anser,0,0,807.5,2.5,1,6,961.58,19.15,1,5,1,2,2
Anser_indicus,Anser_indicus,0,0,717.5,5,1,5,751.38,31.83,1,5,1,1,2
Tadorna_ferruginea,Tadorna_ferruginea,0,0,592,9,1,11,959.02,31.57,0,5,2,2,1
Tadorna_tadorna,Tadorna_tadorna,0,0,570.75,9,1,9,959.02,30.2,0,5,1,2,0
Nettapus_coromandelianus,Nettapus_coromandelianus,3,0,305,11,1,2,392.01,15.69,0,1,1,2,0
Aix_galericulata,Aix_galericulata,1,0,219.75,9.5,1,1,606.69,16.75,0,1,1,2,1
Mareca_penelope,Anas_penelope,0,0,258.15,8.5,1,6,961.58,19.36,1,5,1,2,1
Mareca_falcata,Anas_falcata,1,1,261.15,8,1,1,751.11,17.12,1,5,2,2,2
Mareca_strepera,Anas_strepera,0,0,299.5,10,1,6,961.58,17.18,1,5,2,1,0
Sibirionetta_formosa,Anas_formosa,1,0,208.5,7.5,1,9,630.99,16.76,1,5,1,1,2
Anas_crecca,Anas_crecca,0,0,388.5,9.5,1,7,961.58,16.18,1,5,1,2,1
Anas_platyrhynchos,Anas_platyrhynchos,0,0,523.75,9,1,6,961.58,16.78,1,5,1,2,1
Anas_poecilorhyncha,Anas_poecilorhyncha,0,0,570.5,9.5,1,7,961.58,15.91,1,5,1,2,1
Anas_acuta,Anas_acuta,0,0,567.5,8.5,1,7,961.58,18.15,1,5,1,2,1
Spatula_querquedula,Anas_querquedula,0,0,368.75,10,1,7,961.58,16.51,1,5,2,2,1
Spatula_clypeata,Anas_clypeata,0,0,266.15,10,1,6,961.58,18.11,1,5,1,2,0
Netta_rufina,Netta_rufina,0,0,509.5,9,1,2,718.99,15.11,1,5,1,2,1
Aythya_ferina,Aythya_ferina,0,0,259.15,8,1,5,959.02,11.01,1,5,2,2,0
Aythya_baeri,Aythya_baeri,2,2,238.5,7.5,1,10,793.02,13.03,1,5,0,2,1
Aythya_nyroca,Aythya_nyroca,1,1,385.15,9,1,5,831.97,11.17,1,4,1,2,1
Aythya_fuligula,Aythya_fuligula,0,0,209.75,9,6,6,961.58,11.62,1,5,1,2,0
Aythya_marila,Aythya_marila,0,0,256.15,8.5,1,5,283.17,11.62,1,5,1,2,0
Clangula_hyemalis,Clangula_hyemalis,3,1,269.5,7,6,1,238.72,13.31,1,5,1,2,0
Melanitta_stejnegeri,Melanitta_fuscua,1,3,525,8,1,1,555.25,13.39,1,5,1,2,0
Bucephala_clangula,Bucephala_clangula,0,0,265,10,6,2,959.02,11.17,0,1,1,1,0
Mergellus_albellus,Mergellus_albellus,0,0,213.15,8,6,5,959.02,11.59,0,1,1,2,0
Mergus_serrator,Mergus_serrator,0,0,569.15,10,6,5,591.53,15.71,1,5,0,1,0
Mergus_merganser,Mergus_merganser,0,0,617.5,10.5,6,5,958.93,12.88,0,1,0,0,0
Mergus_squamatus,Mergus_squamatus,3,3,563,10,6,3,631.1,13.81,0,1,0,1,2
Oxyura_leucocephala,Oxyura_leucocephala,2,3,255,8,1,1,182.59,18,1,4,0,1,2
Pandion_haliaetus,Pandion_haliaetus,1,0,575.15,1.5,6,8,961.58,23.96,1,1,0,1,0
Aviceda_jerdoni,Aviceda_jerdoni,1,0,270,1.5,7,1,66.11,58.72,1,1,0,1,0
Aviceda_leuphotes,Aviceda_leuphotes,0,0,315,1.5,7,3,356.01,20.35,1,1,0,1,0
Pernis_ptilorhynchus,Pernis_ptilorhynchus,1,0,550,1,5,2,961.58,20.17,1,1,0,1,0
Elanus_caeruleus,Elanus_caeruleus,1,0,315,2,7,5,155.22,25.61,1,1,0,2,0
Milvus_migrans,Milvus_migrans,0,0,618.75,1.5,7,10,961.58,28.07,1,1,0,2,1
Haliastur_indus,Haliastur_indus,1,0,235,1.5,7,7,173.08,26.55,1,1,0,2,0
Haliaeetus_leucogaster,Haliaeetus_leucogaster,1,0,775,1,7,5,155.92,36.36,1,1,0,2,0
Haliaeetus_leucoryphus,Haliaeetus_leucoryphus,3,1,797.75,3,7,2,802.91,39.26,1,1,0,1,2
Haliaeetus_albicilla,Haliaeetus_albicilla,1,0,865,1,7,5,959.02,39.71,1,1,1,1,1
Haliaeetus_pelagicus,Haliaeetus_pelagicus,3,1,1018.5,1,7,1,102.98,35.71,1,1,0,0,2
Icthyophaga_humilis,Icthyophaga_humilis,1,1,650,1.5,7,1,3.52,20.75,1,1,0,1,0
Gypaetus_barbatus,Gypaetus_barbatus,1,1,1100,1,7,1,666.92,29.29,1,1,0,0,0
Gyps_himalayensis,Gyps_himalayensis,1,1,1329.5,1,7,1,295.5,36.1,1,1,0,1,0
Gyps_fulvus,Gyps_fulvus,1,0,1000,1,7,1,186.11,38.75,1,1,0,0,0
Aegypius_monachus,Aegypius_monachus,1,1,1111.5,1,7,1,961.58,39.25,1,1,0,2,1
Sarcogyps_calvus,Sarcogyps_calvus,2,2,815,1,7,1,39,36.96,1,1,0,2,2
Circaetus_gallicus,Circaetus_gallicus,1,0,665,1,7,1,121.83,25.18,1,1,0,2,0
Spilornis_cheela,Spilornis_cheela,1,0,615,1,7,1,315.33,38.23,1,1,0,2,1
Circus_aeruginosus,Circus_aeruginosus,1,0,538.5,2.5,7,3,568.99,22.73,1,1,0,2,0
Circus_spilonotus,Circus_spilonotus,1,0,526.5,2.5,7,1,961.58,27.67,1,1,0,2,0
Circus_cyaneus,Circus_cyaneus,1,0,279.15,2.5,7,9,961.58,22.77,1,1,0,0,0
Circus_macrourus,Circus_macrourus,1,1,280,2,7,2,537.12,26.7,1,5,0,0,1
Circus_melanoleucos,Circus_melanoleucos,1,0,251.15,2.5,7,6,596.51,51.86,1,3,0,1,0
Circus_pygargus,Circus_pygargus,1,0,266.15,2.5,7,6,111.17,51.91,1,3,0,2,0
Accipiter_trivirgatus,Accipiter_trivirgatus,1,0,230,1.5,7,3,389,33.08,1,1,0,0,0
Accipiter_badius,Accipiter_badius,1,0,315,3.5,7,10,171.21,19.36,1,1,0,1,1
Accipiter_soloensis,Accipiter_soloensis,0,0,301.75,3.5,7,1,355.52,39.61,1,1,0,2,0
Accipiter_gularis,Accipiter_gularis,0,0,191,5.5,7,3,579.12,36.09,1,1,0,2,0
Accipiter_virgatus,Accipiter_virgatus,0,0,337,3.5,7,3,557.11,33.63,1,1,0,1,1
Accipiter_nisus,Accipiter_nisus,0,0,357.5,3.5,7,2,961.58,25.25,1,1,0,1,1
Accipiter_gentilis,Accipiter_gentilis,1,0,525.5,1,7,2,961.58,35.63,1,1,0,1,1
Butastur_indicus,Butastur_indicus,1,0,231.5,3.5,7,5,518.31,21.71,1,1,0,2,0
Buteo_buteo,Buteo_buteo,0,0,533,1.5,7,2,961.58,21.15,1,1,0,0,0
Buteo_rufinus,Buteo_rufinus,1,0,575,2,7,5,370.59,20.51,1,1,0,1,0
Buteo_hemilasius,Buteo_hemilasius,1,0,611.15,3,7,1,837,39.37,1,1,0,2,0
Buteo_lagopus,Buteo_lagopus,1,0,528.75,3.5,7,2,533.32,22.11,1,1,0,1,0
Ictinaetus_malaiensis,Ictinaetus_malaiensis,1,0,706.5,1,7,1,113.99,51.11,1,1,0,1,0
Clanga_clanga,Aquila_clanga,3,1,671.75,1,7,1,860.59,21.71,1,1,0,1,2
Aquila_nipalensis,Aquila_nipalensis,1,0,727,1,7,1,697.98,21.31,1,1,0,1,0
Aquila_heliaca,Aquila_heliaca,3,1,795.5,1.5,7,2,718.92,25.26,1,1,0,0,2
Aquila_chrysaetos,Aquila_chrysaetos,1,0,882.15,1,7,1,931.75,20.11,1,1,0,0,2
Aquila_fasciata,Aquila_fasciata,1,0,711,1,7,6,159.21,20.31,1,1,0,0,2
Hieraaetus_pennatus,Hieraaetus_pennatus,1,0,291.5,1,7,2,297.16,57.16,1,1,0,0,0
Lophotriorchis_kienerii,Lophotriorchis_kienerii,1,0,510,1,7,1,3.52,22.33,1,1,0,2,0
Nisaetus_nipalensis,Nisaetus_nipalensis,1,0,711.5,1,7,3,231.08,36.5,1,1,0,1,0
Nisaetus_cirrhatus,Nisaetus_cirrhatus,1,0,1100,1,7,1,39,27.28,1,1,0,0,0
Microhierax_caerulescens,Microhierax_caerulescens,1,0,195,2.5,7,1,39,17.75,0,1,0,1,0
Microhierax_melanoleucos,Microhierax_melanoleucos,1,0,179.5,3.5,7,1,160.56,31.15,1,1,0,2,0
Falco_naumanni,Falco_naumanni,1,0,312.5,2.5,7,3,539.19,25.11,1,1,0,2,1
Falco_tinnunculus,Falco_tinnunculus,0,0,330.15,2.5,7,9,961.58,20.2,1,1,0,1,0
Falco_vespertinus,Falco_vespertinus,1,1,199,3.5,7,5,166,22.08,1,1,0,2,0
Falco_amurensis,Falco_amurensis,1,0,177.5,2,7,9,671.81,23.27,1,1,0,1,0
Falco_columbarius,Falco_columbarius,1,0,191.75,3.5,7,2,892.53,37.7,1,1,0,1,0
Falco_subbuteo,Falco_subbuteo,0,0,316.15,3,7,7,959.02,22.68,1,1,1,0,0
Falco_cherrug,Falco_cherrug,3,3,519,2,7,3,626.7,38.81,1,1,1,0,2
Falco_rusticolus,Falco_rusticolus,1,0,522.15,3.5,7,2,113.3,33.58,1,1,1,0,0
Falco_peregrinus,Falco_pelegrinoides,1,0,385,3,7,1,76.31,22.13,1,1,1,0,0
Falco_peregrinus,Falco_peregrinus,1,0,255.15,3,7,7,771.69,38.39,1,1,1,0,1
Falcipennis_falcipennis,Dendragapus_falcipennis,5,1,390,8,1,1,27.3,11.65,1,5,1,0,2
Lagopus_lagopus,Lagopus_lagopus,1,0,395,7.5,3,1,113.3,12.52,1,5,1,0,0
Lagopus_muta,Lagopus_muta,1,0,371.5,9,3,3,166,15.67,1,5,1,0,0
Lyrurus_tetrix,Lyrurus_tetrix,1,0,511.5,9,3,1,382.01,13.78,1,5,1,0,2
Tetrao_urogallus,Tetrao_urogallus,3,0,810,8,3,1,166,12.38,1,5,1,0,2
Tetrao_urogalloides,Tetrao_parvirostris,3,0,727.5,7.5,3,1,182.28,13.28,1,5,1,0,2
Bonasa_bonasia,Bonasa_bonasia,0,0,356.5,10,3,1,382.01,11.19,1,5,1,0,2
Bonasa_sewerzowi,Bonasa_sewerzowi,1,1,355.5,6.5,3,3,311.86,15.29,1,5,1,0,2
Lerwa_lerwa,Lerwa_lerwa,1,0,370,2.5,3,5,153.19,13.19,0,5,1,0,2
Tetraophasis_obscurus,Tetraophasis_obscurus,1,0,270,5,1,3,163.62,11.52,1,5,2,0,2
Tetraophasis_szechenyii,Tetraophasis_szechenyii,1,0,270,5,3,3,177.29,10.6,1,5,2,0,2
Tetraogallus_tibetanus,Tetraogallus_tibetanus,1,0,551,5.5,3,2,288.86,13.19,0,5,1,0,2
Tetraogallus_altaicus,Tetraogallus_altaicus,1,0,580,6,1,1,166,13.96,1,5,1,2,0
Tetraogallus_himalayensis,Tetraogallus_himalayensis,1,0,526.5,6.5,3,3,181.02,18.37,0,5,1,2,0
Alectoris_magna,Alectoris_magna,1,0,376,11,3,1,111.68,10.72,1,5,1,0,2
Alectoris_chukar,Alectoris_chukar,0,0,313.5,11,1,1,631.27,19.16,1,5,1,0,2
Francolinus_pintadeanus,Francolinus_pintadeanus,1,0,312.15,2.5,1,3,196.32,10.62,1,5,1,0,2
Perdix_perdix,Perdix_perdix,0,0,300,17,1,1,166,11.09,1,5,1,0,2
Perdix_dauurica,Perdix_dauurica,0,0,181.75,15.5,1,2,522.79,11.17,1,5,1,0,2
Perdix_hodgsoniae,Perdix_hodgsoniae,0,0,176.15,10,1,7,229.86,19.98,1,5,1,0,2
Coturnix_japonica,Coturnix_japonica,0,1,175,10.5,1,3,676.36,11.51,1,5,1,0,2
Coturnix_coturnix,Coturnix_coturnix,0,0,189.15,11,1,2,186.11,12.08,1,5,1,0,2
Synoicus_chinensis,Coturnix_chinensis,1,0,130,6,1,1,117.81,19.88,1,5,1,0,2
Arborophila_torqueola,Arborophila_torqueola,0,0,172.75,2,1,1,159.11,10.18,1,5,1,0,2
Arborophila_rufipectus,Arborophila_rufipectus,3,3,300.75,5,1,1,87.6,10.11,1,5,1,0,2
Arborophila_mandellii,Arborophila_mandellii,1,1,161.5,2.5,1,1,110.11,11.09,1,5,1,0,2
Arborophila_gingica,Arborophila_gingica,1,1,300,6,1,1,101.26,11.62,1,5,1,0,2
Arborophila_rufogularis,Arborophila_rufogularis,0,0,170.75,2.5,1,2,159.11,10.98,1,5,0,0,2
Arborophila_atrogularis,Arborophila_atrogularis,1,1,160,2,1,1,39,11.18,1,5,1,0,2
Arborophila_crudigularis,Arborophila_crudigularis,1,0,130,7,1,1,3.61,10.21,1,5,2,0,0
Arborophila_ardens,Arborophila_ardens,3,1,159,1,1,1,3.52,10.33,1,5,0,0,2
Arborophila_brunneopectus,Arborophila_brunneopectus,1,0,158.5,2,1,1,80.19,10.32,1,5,1,0,2
Tropicoperdix_chloropus,Arborophila_chloropus,1,0,165,2,1,1,39,13.53,1,5,1,0,0
Bambusicola_fytchii,Bambusicola_fytchii,0,0,319.15,2.5,1,8,118.89,10.81,1,5,1,0,2
Bambusicola_thoracicus,Bambusicola_thoracicus,0,0,192.75,8.5,1,2,322.07,19.18,1,5,0,0,2
Ithaginis_cruentus,Ithaginis_cruentus,1,0,215.15,6,1,6,323.22,13,0,5,1,0,0
Tragopan_satyra,Tragopan_satyra,1,1,625,2.5,1,1,110.11,11.07,1,1,1,0,2
Tragopan_temminckii,Tragopan_temminckii,1,0,531.5,2,3,1,363.07,10.83,1,1,1,0,2
Tragopan_caboti,Tragopan_caboti,3,1,653.5,3.5,3,1,101.26,19.19,1,1,1,0,2
Pucrasia_macrolopha,Pucrasia_macrolopha,0,0,517.15,7.5,3,1,586.52,10.26,1,5,1,0,2
Lophophorus_impejanus,Lophophorus_impejanus,1,0,700,5,3,3,159.11,11.91,1,5,0,0,2
Lophophorus_sclateri,Lophophorus_sclateri,3,1,637,3.5,3,2,159.11,11.66,0,5,1,0,2
Lophophorus_lhuysii,Lophophorus_lhuysii,3,1,770.75,2,3,2,311.86,12.03,1,5,1,0,2
Gallus_gallus,Gallus_gallus,1,0,531.15,7,1,2,82.18,11.33,1,5,1,0,1
Lophura_leucomelanos,Lophura_leucomelanos,1,0,586.15,10,1,1,159.11,10.91,1,5,1,0,0
Lophura_nycthemera,Lophura_nycthemera,0,0,871,6,1,1,190.02,11.91,1,5,0,0,1
Lophura_swinhoii,Lophura_swinhoii,1,1,627.5,5,1,1,3.61,12.72,1,5,0,0,2
Crossoptilon_crossoptilon,Crossoptilon_crossoptilon,1,1,912.5,5.5,1,3,177.29,13.98,1,5,1,0,2
Crossoptilon_harmani,Crossoptilon_harmani,1,1,835,5.5,3,3,110.11,13.01,1,5,0,0,2
Crossoptilon_auritum,Crossoptilon_auritum,1,0,899,8,3,3,188.58,12.11,1,5,1,1,2
Crossoptilon_mantchuricum,Crossoptilon_mantchuricum,1,1,982.75,7.5,3,1,56.77,11.95,1,5,0,1,2
Syrmaticus_ellioti,Syrmaticus_ellioti,1,1,621.5,6.5,1,1,159.31,13.78,1,5,1,2,2
Syrmaticus_humiae,Syrmaticus_humiae,1,1,722,8,1,1,61.67,11.01,1,5,2,2,2
Syrmaticus_mikado,Syrmaticus_mikado,1,1,701.75,7.5,1,1,3.61,11.65,1,5,1,2,2
Syrmaticus_reevesii,Syrmaticus_reevesii,3,1,1157,10,1,1,128.18,13.17,1,5,1,2,2
Phasianus_colchicus,Phasianus_colchicus,0,0,700,6,1,6,958.93,10.91,1,5,1,2,2
Chrysolophus_pictus,Chrysolophus_pictus,1,0,807.15,7,1,7,323.19,11.13,1,5,1,2,2
Chrysolophus_amherstiae,Chrysolophus_amherstiae,1,0,927.15,7.5,1,5,129.11,11.08,1,5,1,2,2
Polyplectron_bicalcaratum,Polyplectron_bicalcaratum,3,0,578.75,3.5,1,1,39,13.96,1,5,0,2,2
Polyplectron_katsumatae,Polyplectron_katsumatae,2,3,222,3.5,1,1,3.52,13.96,1,5,0,1,2
Pavo_muticus,Pavo_muticus,2,3,1501.5,5.5,1,3,39,12.51,1,5,0,1,2
Turnix_sylvaticus,Turnix_sylvaticus,0,0,130,2,1,1,28.8,18.19,1,5,0,1,0
Turnix_tanki,Turnix_tanki,0,0,151.75,3.5,1,5,600.05,11.29,1,5,0,2,0
Turnix_suscitator,Turnix_suscitator,0,0,155,2,1,3,117.93,10.88,1,3,0,0,0
Anthropoides_virgo,Anthropoides_virgo,0,0,790,1,1,10,773.06,36.71,1,5,0,1,0
Leucogeranus_leucogeranus,Grus_leucogeranus,2,2,1350,1,1,6,577.69,31.82,1,5,0,2,0
Grus_antigone,Grus_antigone,5,1,1261.5,1,1,5,39,31.18,1,5,0,2,2
Grus_vipio,Grus_vipio,3,1,1170,1,1,6,321.09,31.16,1,5,0,2,1
Grus_grus,Grus_grus,1,0,1065,1,1,11,821.36,33.13,1,5,0,1,0
Grus_monacha,Grus_monacha,3,1,925,1,1,9,205.75,31.15,1,5,0,2,2
Grus_nigricollis,Grus_nigricollis,1,1,1171.5,1,3,7,506.28,32.38,1,5,0,0,0
Grus_japonensis,Grus_japonensis,3,3,1360,1,1,5,372.5,19.15,1,5,0,2,0
Coturnicops_exquisitus,Coturnicops_exquisitus,1,1,130,6,1,11,231.52,16.19,1,5,1,1,0
Rallina_eurizonoides,Rallina_eurizonoides,1,0,125,6,5,1,103.28,15.68,1,3,1,1,0
Lewinia_striata,Gallirallus_striatus,0,0,153.75,7,1,8,113.16,12.16,1,5,1,1,0
Rallus_aquaticus,Rallus_aquaticus,0,0,166.75,7.5,1,1,838.81,15.21,1,5,1,2,0
Crex_crex,Crex_crex,1,0,166.5,9.5,1,3,186.11,15.13,1,5,0,1,0
Zapornia_akool,Amaurornis_akool,0,0,165,5,5,5,117.77,13.12,1,4,1,1,0
Amaurornis_phoenicurus,Amaurornis_phoenicurus,0,0,302,6,1,7,526.51,17.27,1,4,1,2,1
Zapornia_parva,Porzana_parva,0,0,190,7.5,1,2,166,16.67,1,4,1,0,0
Zapornia_pusilla,Porzana_pusilla,0,0,172.15,7.5,5,5,838.81,12.62,1,5,1,2,0
Porzana_porzana,Porzana_porzana,0,0,130.75,9,5,2,166,15.15,1,5,0,2,0
Zapornia_fusca,Porzana_fusca,1,0,115.75,7,1,6,600.05,15.86,1,5,1,2,0
Zapornia_paykullii,Porzana_paykullii,1,1,121.75,7.5,1,5,275.89,12.02,1,5,0,2,0
Zapornia_bicolor,Zapornia_bicolor,0,0,113.5,6.5,5,2,105.11,15.82,1,5,1,2,0
Gallicrex_cinerea,Gallicrex_cinerea,0,0,385.15,5.5,1,1,551.75,18.13,1,4,1,2,0
Porphyrio_porphyrio,Porphyrio_porphyrio,1,0,277.5,5,1,2,301.35,31.23,1,4,1,2,0
Gallinula_chloropus,Gallinula_chloropus,0,0,190,8,1,2,961.58,12.18,1,4,2,2,1
Fulica_atra,Fulica_atra,0,0,391,9,1,10,961.58,12.86,1,4,1,1,0
Otis_tarda,Otis_tarda,3,1,900,3,1,6,701.08,31.16,1,5,1,2,2
Chlamydotis_macqueenii,Chlamydotis_macqueenii,3,1,600,1.5,1,2,182.3,36.7,1,5,1,2,2
Hydrophasianus_chirurgus,Hydrophasianus_chirurgus,1,0,225,2,1,2,191.11,37.1,1,4,2,2,0
Rostratula_benghalensis,Rostratula_benghalensis,0,0,150.5,2.5,1,1,721.62,15.21,1,5,1,2,0
Haematopus_ostralegus,Haematopus_ostralegus,0,0,276,3,6,5,637.16,31.81,1,5,1,2,0
Ibidorhyncha_struthersii,Ibidorhyncha_struthersii,1,0,201.15,3.5,6,1,676.13,35.18,1,5,1,1,0
Himantopus_himantopus,Himantopus_himantopus,0,0,353.75,2,6,2,961.58,21.02,1,5,1,1,0
Recurvirostra_avosetta,Recurvirostra_avosetta,0,0,217.75,2,6,6,959.02,31.78,1,5,1,2,0
Burhinus_oedicnemus,Burhinus_oedicnemus,0,0,215,1,6,1,302.19,16.15,1,5,1,2,0
Esacus_recurvirostris,Esacus_recurvirostris,0,1,550,1.5,6,1,21.52,19.69,1,5,1,2,0
Glareola_pratincola,Glareola_pratincola,0,0,150,1.5,6,5,166,23.86,1,5,0,2,0
Glareola_maldivarum,Glareola_maldivarum,0,0,131.5,3,6,6,658.72,21.21,1,5,0,2,0
Glareola_lactea,Glareola_lactea,0,0,175,3,6,6,159.11,22.66,1,5,0,2,0
Vanellus_vanellus,Vanellus_vanellus,0,0,315.75,2,1,6,961.58,36.32,1,5,0,2,0
Vanellus_duvaucelii,Vanellus_duvaucelii,1,1,198.5,3.5,6,3,161.76,35.68,1,5,0,2,0
Vanellus_cinereus,Vanellus_cinereus,0,0,321,2,1,6,676.36,35.57,1,5,0,2,0
Pluvialis_fulva,Pluvialis_fulva,0,0,121.15,2.5,6,7,961.58,31.86,1,5,0,2,0
Pluvialis_squatarola,Pluvialis_squatarola,0,0,185,3.5,6,5,961.58,31.52,1,5,0,2,0
Charadrius_hiaticula,Charadrius_hiaticula,0,0,186.15,3.5,6,8,221.28,32.23,1,5,1,2,0
Charadrius_placidus,Charadrius_placidus,1,0,110.75,3.5,1,6,796.58,32.05,1,5,1,2,0
Charadrius_dubius,Charadrius_dubius,0,0,168,3.5,6,8,961.58,32.53,1,5,1,2,0
Charadrius_alexandrinus,Charadrius_alexandrinus,0,0,161.5,2,6,7,873.52,31.08,1,5,1,2,0
Charadrius_mongolus,Charadrius_mongolus,0,0,188.5,3,6,6,612.69,33.11,1,5,1,2,0
Charadrius_leschenaultii,Charadrius_leschenaultii,0,0,108.15,3,6,2,756.06,33.57,1,5,0,2,0
Charadrius_veredus,Charadrius_veredus,0,0,137.5,1,6,2,796.71,20.15,1,5,1,2,0
Scolopax_rusticola,Scolopax_rusticola,0,0,361.5,2,1,6,961.58,30.15,1,5,1,2,0
Lymnocryptes_minimus,Lymnocryptes_minimus,0,0,180,2,6,2,226.19,19.76,1,5,2,2,0
Gallinago_solitaria,Gallinago_solitaria,0,0,198.75,2,1,5,893.67,31.1,1,5,0,2,0
Gallinago_nemoricola,Gallinago_nemoricola,1,1,300,2,5,5,87.6,16.08,1,5,0,2,2
Gallinago_stenura,Gallinago_stenura,0,0,151.15,2,5,3,961.58,17.31,1,5,0,2,0
Gallinago_megala,Gallinago_megala,0,0,175.15,2,5,2,913.58,16.77,1,5,1,2,0
Gallinago_gallinago,Gallinago_gallinago,0,0,171.5,2,5,9,961.58,15.08,1,5,0,2,0
Limnodromus_semipalmatus,Limnodromus_semipalmatus,1,1,335.15,3,5,3,278.72,31.31,1,5,1,2,2
Limosa_limosa,Limosa_limosa,0,1,355.75,2,5,2,821.36,19.81,1,5,1,2,0
Limosa_lapponica,Limosa_lapponica,1,0,356,2,5,2,515.17,32.21,1,5,1,2,0
Numenius_minutus,Numenius_minutus,1,0,305,3.5,1,2,570.13,31.56,1,5,1,2,0
Numenius_phaeopus,Numenius_phaeopus,0,0,217.15,2,5,6,887.38,31.11,1,5,0,2,0
Numenius_arquata,Numenius_arquata,1,1,601,2,5,6,922.97,31.26,1,5,1,2,0
Numenius_madagascariensis,Numenius_madagascariensis,1,1,600.15,2,5,10,619.72,31.7,1,5,1,2,2
Tringa_erythropus,Tringa_erythropus,0,0,193,2,5,5,961.58,30.35,1,5,2,2,0
Tringa_totanus,Tringa_totanus,0,0,170,2,5,3,860.71,30.81,1,5,1,2,0
Tringa_stagnatilis,Tringa_stagnatilis,0,0,115.75,2,5,5,785.72,31.23,1,5,1,2,0
Tringa_nebularia,Tringa_nebularia,0,0,318.75,2,5,1,961.58,31.1,1,5,1,2,0
Tringa_guttifer,Tringa_guttifer,3,3,305,2,5,3,108.57,33.35,1,5,1,2,0
Tringa_ochropus,Tringa_ochropus,0,0,132,3.5,5,1,961.58,31.12,1,5,0,2,0
Tringa_glareola,Tringa_glareola,0,0,110,2,5,7,961.58,31.06,1,5,1,2,0
Xenus_cinereus,Xenus_cinereus,0,0,135,2,5,1,961.58,19.68,1,5,1,2,0
Actitis_hypoleucos,Actitis_hypoleucos,0,0,189.15,2.5,5,5,961.58,19.52,1,5,2,2,0
Tringa_brevipes,Heteroscelus_brevipes,0,1,165,2,5,2,561.9,31.73,1,5,1,2,0
Arenaria_interpres,Arenaria_interpres,0,0,115.15,2,1,2,857.37,31.51,1,5,1,2,0
Calidris_tenuirostris,Calidris_tenuirostris,1,1,183.75,2,5,2,109.76,31.89,1,5,1,2,0
Calidris_canutus,Calidris_canutus,1,0,123.5,2,1,5,113.28,33.51,1,5,1,2,0
Calidris_alba,Calidris_alba,0,0,199.15,2,1,3,709.38,30.29,1,5,1,2,0
Calidris_ruficollis,Calidris_ruficollis,0,0,156.15,2,5,6,961.58,31.5,1,5,1,2,0
Calidris_temminckii,Calidris_temminckii,0,0,127,2,5,1,961.58,31.91,1,5,1,2,0
Calidris_subminuta,Calidris_subminuta,0,0,153.15,2,5,6,961.58,18.81,1,5,1,2,0
Calidris_acuminata,Calidris_acuminata,0,0,192.75,2,5,3,589.75,30.35,1,5,1,2,0
Calidris_ferruginea,Calidris_ferruginea,0,0,110,2,5,1,905.97,31.51,1,5,1,2,0
Calidris_alpina,Calidris_alpina,0,0,195.5,2,5,2,631.37,19.2,1,5,1,2,0
Eurynorhynchus_pygmeus,Eurynorhynchus_pygmeus,2,2,150,3.5,5,6,161.29,30.16,1,5,2,2,2
Calidris_falcinellus,Limicola_falcinellus,0,0,170,2,5,1,555.08,30.25,1,5,1,2,0
Calidris_pugnax,Philomachus_pugnax,0,0,165,2,5,5,715.6,31.12,1,5,1,2,0
Phalaropus_lobatus,Phalaropus_lobatus,0,0,192.5,2,5,5,251.11,31.18,1,5,1,2,0
Phalaropus_fulicarius,Phalaropus_fulicarius,0,0,111.75,2,5,3,125.08,35.63,1,5,1,2,0
Stercorarius_pomarinus,Stercorarius_pomarinus,0,0,511.15,1,6,1,302.62,39.71,1,5,1,2,0
Stercorarius_parasiticus,Stercorarius_parasiticus,0,0,281.5,1,6,1,160.91,21.79,1,5,1,2,0
Stercorarius_longicaudus,Stercorarius_longicaudus,0,0,520,1,6,1,73.2,26.16,1,5,1,1,0
Larus_crassirostris,Larus_crassirostris,0,0,259.5,1,6,5,531.15,25.57,1,5,1,2,0
Larus_canus,Larus_canus,0,0,278.15,1.5,6,3,835.71,27,1,5,1,2,0
Larus_glaucescens,Larus_glaucescens,0,0,650.5,3,6,1,32.1,21.9,1,5,1,2,0
Larus_hyperboreus,Larus_hyperboreus,0,0,710,1.5,6,3,173.9,37.5,1,5,1,1,0
Larus_argentatus,Larus_argentatus,0,0,612.5,1.5,6,3,238.37,23.55,1,5,1,0,0
Larus_fuscus,Larus_fuscus,0,0,612.5,3,6,3,159.78,27.81,1,5,1,1,0
Larus_cachinnans,Larus_cachinnans,0,0,610,3,6,3,315.68,22.33,1,5,1,1,0
Larus_schistisagus,Larus_schistisagus,0,0,651,1.5,6,2,371.56,21.57,1,1,1,2,0
Larus_ichthyaetus,Larus_ichthyaetus,0,0,671.5,3,6,1,805.71,38.63,1,5,1,1,0
Larus_brunnicephalus,Larus_brunnicephalus,0,0,221,3,6,5,629.57,21.03,1,5,1,2,0
Larus_ridibundus,Larus_ridibundus,0,0,386.75,3,6,1,961.58,25.68,1,5,1,1,0
Larus_saundersi,Larus_saundersi,1,1,336.75,3,6,3,385.86,28.01,1,5,1,2,1
Larus_relictus,Larus_relictus,3,1,215,1.5,6,8,569.05,25.5,1,5,1,2,2
Larus_minutus,Larus_minutus,1,0,198,1.5,6,8,299.6,22.88,1,5,1,2,0
Xema_sabini,Xema_sabini,0,0,320,1,6,1,3.52,26.05,1,5,1,2,0
Rissa_tridactyla,Rissa_tridactyla,0,0,215,1.5,6,1,116.17,20.86,1,5,1,2,0
Gelochelidon_nilotica,Gelochelidon_nilotica,0,0,351.5,3,6,5,275.07,28.38,1,5,1,2,0
Hydroprogne_caspia,Hydroprogne_caspia,0,0,513,1.5,6,1,293.8,28.83,1,5,2,1,0
Thalasseus_bengalensis,Thalasseus_bengalensis,0,0,200,1.5,6,3,32.01,27.35,1,5,1,2,0
Thalasseus_bernsteini,Thalasseus_bernsteini,2,2,200,1,6,3,82.59,60.22,1,5,1,2,2
Thalasseus_bergii,Thalasseus_bergii,1,0,280,1.5,6,3,71.86,50.63,1,5,1,0,0
Sterna_aurantia,Sterna_aurantia,1,1,200,3,6,3,39,29.82,1,5,1,1,0
Sterna_dougallii,Sterna_dougallii,0,0,325,1,6,1,71.86,26.18,1,5,0,0,0
Sterna_sumatrana,Sterna_sumatrana,0,0,315,1,6,1,93.76,26.16,1,5,1,0,0
Sterna_hirundo,Sterna_hirundo,0,0,321.5,3,6,6,881.76,55.99,1,5,1,0,0
Sternula_albifrons,Sterna_albifrons,0,0,157.15,1.5,6,7,818.69,22.39,1,5,1,0,0
Sterna_acuticauda,Sterna_acuticauda,3,3,305,3,6,2,39,57.33,1,5,1,0,2
Sterna_aleutica,Sterna_aleutica,0,0,365,1,6,3,16.13,55.68,1,5,0,0,0
Sterna_anaethetus,Sterna_anaethetus,0,0,365,1.5,6,3,71.86,29.36,1,5,0,1,0
Sterna_fuscata,Sterna_fuscata,0,0,210,1.5,6,3,59.07,50.31,1,5,1,1,0
Chlidonias_hybrida,Chlidonias_hybrida,0,0,151.5,3,6,8,812.72,29.61,1,4,0,1,0
Chlidonias_leucopterus,Chlidonias_leucopterus,0,0,137.15,3,6,5,961.58,50.05,1,4,1,0,0
Chlidonias_niger,Chlidonias_niger,0,0,158.75,3,6,5,197.51,52.12,1,4,0,0,0
Anous_stolidus,Anous_stolidus,0,0,200,1.5,6,3,28.08,61.1,1,5,1,1,0
Synthliboramphus_antiquus,Synthliboramphus_antiquus,1,0,155.15,1,6,1,133.06,12.12,1,5,0,0,0
Syrrhaptes_tibetanus,Syrrhaptes_tibetanus,0,0,209.5,3,1,6,202.29,32.38,1,5,1,0,0
Syrrhaptes_paradoxus,Syrrhaptes_paradoxus,0,0,330.5,3,1,8,611.08,37.99,1,5,0,0,0
Pterocles_orientalis,Pterocles_orientalis,1,0,311.5,1.5,1,1,166,19.9,1,5,1,1,0
Columba_livia,Columba_livia,0,0,316.15,1,3,1,516.11,32.88,1,1,1,0,0
Columba_rupestris,Columba_rupestris,0,0,301.15,1,3,1,819.56,35.15,1,1,1,1,0
Columba_leuconota,Columba_leuconota,0,0,315.5,1,3,1,288.86,36.52,1,1,0,0,0
Columba_oenas,Columba_oenas,0,0,301.5,1,3,1,166,31.81,1,1,1,0,0
Columba_palumbus,Columba_palumbus,0,0,215,1,3,1,166,30.12,1,1,0,0,0
Columba_hodgsonii,Columba_hodgsonii,0,0,351.15,1,1,1,173.77,32.09,1,1,0,1,0
Columba_pulchricollis,Columba_pulchricollis,0,0,375,1,3,1,161.82,30.19,1,1,0,0,0
Columba_punicea,Columba_punicea,3,1,352,1,3,1,113.76,16.3,1,1,1,0,2
Streptopelia_turtur,Streptopelia_turtur,0,0,161.5,1,3,1,519.56,33.27,1,1,0,0,0
Streptopelia_orientalis,Streptopelia_orientalis,0,0,312.75,1,1,1,961.58,31.07,1,1,1,0,1
Streptopelia_decaocto,Streptopelia_decaocto,0,0,198.75,1,1,1,551.68,31.11,1,3,0,0,0
Streptopelia_tranquebarica,Streptopelia_tranquebarica,0,0,119.15,1,1,5,796.58,18.63,1,1,1,2,0
Spilopelia_chinensis,Spilopelia_chinensis,0,0,302.15,1,1,3,595.51,17.51,1,3,0,1,1
Spilopelia_senegalensis,Spilopelia_senegalensis,0,0,169,1,3,1,166,17.61,1,1,0,1,0
Macropygia_unchall,Macropygia_unchall,1,0,359.5,1,3,1,155.62,30.19,1,1,0,0,1
Macropygia_tenuirostris,Macropygia_tenuirostris,0,0,385,3.5,3,1,3.61,37.61,1,1,0,2,0
Macropygia_ruficeps,Macropygia_ruficeps,0,0,310,1,3,1,39,33.63,1,3,0,2,0
Chalcophaps_indica,Chalcophaps_indica,0,0,132.15,1,1,1,156.72,17.89,1,1,0,1,1
Treron_bicinctus,Treron_bicinctus,1,0,163.75,1,3,1,7.16,18.3,1,3,0,2,0
Treron_pompadora,Treron_pompadora,1,0,169.15,1,3,1,39,16.62,1,3,0,2,0
Treron_curvirostra,Treron_curvirostra,1,0,150.15,1,3,1,66.31,15.92,1,3,0,2,0
Treron_phoenicopterus,Treron_phoenicopterus,1,0,301.15,1,3,1,39,18.67,1,1,0,1,0
Treron_apicauda,Treron_apicauda,1,0,361.75,1,3,1,87.6,17.32,1,1,0,2,0
Treron_sphenurus,Treron_sphenurus,1,0,311,1,3,1,116.21,31.15,1,1,0,1,0
Treron_sieboldii,Treron_sieboldii,0,0,189.75,1,3,1,167.75,18.08,1,1,0,1,1
Treron_formosae,Treron_formosae,1,1,315,1,3,1,3.61,30.33,1,1,0,0,0
Ramphiculus_leclancheri,Ptilinopus_leclancheri,0,0,175,1,3,1,3.61,18.81,1,5,1,1,0
Ducula_aenea,Ducula_aenea,3,0,395,1.5,3,1,60.51,18.7,1,1,0,1,2
Ducula_badia,Ducula_badia,1,0,215,1,3,1,161.76,19.01,1,1,0,0,1
Psittinus_cyanurus,Psittinus_cyanurus,1,1,190,2,1,3,39,19.57,0,1,0,0,2
Psittacula_derbiana,Psittacula_derbiana,1,1,238.75,2.5,3,1,131.29,33.16,0,1,0,0,2
Psittacula_alexandri,Psittacula_alexandri,1,1,195.75,3.5,1,1,186.23,30.19,0,1,0,1,2
Clamator_jacobinus,Clamator_jacobinus,0,0,330,1,5,1,110.11,36.57,1,2,1,0,0
Clamator_coromandus,Clamator_coromandus,0,0,385,1,5,2,370.18,32.31,1,2,0,1,1
Hierococcyx_sparverioides,Cuculus_sparverioides,0,0,382,1.5,5,3,615.82,23.69,1,2,0,1,0
Hierococcyx_varius,Cuculus_varius,0,0,320,1,5,1,110.11,29.17,1,2,0,0,0
Hierococcyx_nisicolor,Hierococcyx_nisicolor,0,0,315,1,5,1,121.86,21.11,1,2,0,1,0
Hierococcyx_hyperythrus,Hierococcyx_hyperythrus,0,0,190,1,5,3,175.62,20.13,1,2,0,0,0
Cuculus_micropterus,Cuculus_micropterus,0,0,319.15,1,5,3,606.69,20.21,1,2,0,0,0
Cuculus_canorus,Cuculus_canorus,0,0,310.15,1,5,2,961.27,23.16,1,2,0,0,0
Cuculus_saturatus,Cuculus_saturatus,0,0,197,1,5,1,165.07,21.5,1,2,0,2,0
Cuculus_optatus,Cuculus_optatus,0,0,310,1,5,3,527.62,23.15,1,2,0,0,0
Cuculus_poliocephalus,Cuculus_poliocephalus,0,0,158.15,1,5,2,710.17,21.33,1,2,0,1,0
Cacomantis_sonneratii,Cacomantis_sonneratii,0,0,126,1,5,1,111.17,20.5,1,2,0,0,0
Cacomantis_merulinus,Cacomantis_merulinus,0,0,113.75,1,5,2,335.17,36.03,1,2,0,0,0
Chrysococcyx_maculatus,Chrysococcyx_maculatus,1,0,166.5,1,5,1,198.21,32.56,1,2,0,0,0
Chrysococcyx_xanthorhynchus,Chrysococcyx_xanthorhynchus,1,0,177,1,5,1,39,35.27,1,2,0,0,0
Surniculus_dicruroides,Surniculus_dicruroides,0,0,153.75,1,5,5,330.66,20.13,1,2,0,1,0
Eudynamys_scolopaceus,Eudynamys_scolopaceus,0,0,201.75,1,1,1,162.99,32.01,1,2,0,0,0
Phaenicophaeus_tristis,Phaenicophaeus_tristis,0,0,297.15,3,5,2,102.2,19.77,1,3,0,0,1
Centropus_sinensis,Centropus_sinensis,0,0,273.75,2,5,3,101.56,31.1,1,3,0,0,2
Centropus_bengalensis,Centropus_bengalensis,0,0,351.75,2,5,3,123.81,31.51,1,3,0,1,2
Tyto_alba,Tyto_alba,1,0,360,5.5,7,1,61.67,19.85,0,1,0,0,2
Phodilus_badius,Phodilus_badius,1,0,312.15,2,7,1,66.11,31.8,0,1,0,0,0
Otus_spilocephalus,Otus_spilocephalus,1,0,195,3.5,7,1,100.1,37,0,1,0,0,1
Otus_lettia,Otus_lettia,0,0,139.75,3.5,7,1,700.03,31.97,0,1,0,1,1
Otus_scops,Otus_scops,0,0,181.75,2,7,1,166,32.81,0,1,0,2,0
Otus_sunia,Otus_sunia,0,0,100,2,7,1,552.68,33.23,0,1,0,1,1
Otus_elegans,Otus_elegans,1,1,100,1.5,7,1,3.61,33.39,0,1,0,2,0
Bubo_bubo,Bubo_bubo,1,0,706.75,3,7,1,955.21,35.16,0,1,1,1,1
Bubo_nipalensis,Bubo_nipalensis,1,0,630,1,7,1,87.6,37.13,0,1,1,1,0
Bubo_scandiacus,Bubo_scandiacus,1,0,587.5,5.5,7,1,389.8,35.59,1,5,1,1,0
Bubo_blakistoni,Ketupa_blakistoni,2,3,719,1,7,1,182.32,39.5,0,1,1,0,1
Ketupa_zeylonensis,Ketupa_zeylonensis,3,0,517.15,1,7,1,82.19,35.89,0,1,1,2,0
Ketupa_flavipes,Ketupa_flavipes,3,0,617,1,7,1,161.21,33.77,1,1,1,2,0
Strix_leptogrammica,Strix_leptogrammica,1,0,298.15,1,7,1,366.7,21.01,0,1,2,1,0
Strix_aluco,Strix_aluco,1,0,210.5,3,7,1,298.91,37.77,0,1,1,0,0
Strix_uralensis,Strix_uralensis,1,0,501,2,7,1,366.78,39.36,0,1,0,0,0
Strix_nebulosa,Strix_nebulosa,1,0,605,2,7,1,365.12,22.29,0,1,0,0,0
Surnia_ulula,Surnia_ulula,1,0,368.75,8,7,1,350.32,35.1,0,1,0,0,0
Glaucidium_passerinum,Glaucidium_passerinum,1,0,168.15,5,7,1,382.01,16.29,0,1,0,0,0
Glaucidium_brodiei,Glaucidium_brodiei,0,0,152,2,7,2,267.82,11.87,0,1,0,1,1
Glaucidium_cuculoides,Glaucidium_cuculoides,0,0,151.75,2,7,1,398.38,18.01,0,1,0,0,1
Athene_noctua,Athene_noctua,0,0,117.75,2,7,2,810.92,30.32,0,1,0,1,0
Athene_brama,Athene_brama,1,0,100,2,7,1,110.11,32.12,0,1,0,1,0
Aegolius_funereus,Aegolius_funereus,1,0,120,2.5,7,1,513.98,32.05,0,1,0,2,0
Ninox_scutulata,Ninox_scutulata,1,0,199,3,7,1,310.08,38.32,0,1,0,0,0
Asio_otus,Asio_otus,0,0,360,5,7,1,959.02,25.55,1,1,0,1,0
Asio_flammeus,Asio_flammeus,1,0,370,5,7,2,961.58,21.75,1,5,1,2,0
Caprimulgus_jotaka,Caprimulgus_jotaka,0,0,168,1,5,1,716.91,25.19,1,5,1,1,1
Caprimulgus_europaeus,Caprimulgus_europaeus,0,0,170,1,5,1,336.31,21.33,1,5,1,2,0
Aerodramus_fuciphagus,Aerodramus_fuciphagus,2,0,110,1,5,1,3.52,22.92,0,1,1,2,0
Aerodramus_brevirostris,Aerodramus_brevirostris,1,0,119.15,1,5,1,189.61,51.13,0,1,1,2,0
Hirundapus_caudacutus,Hirundapus_caudacutus,0,0,198.75,2,5,5,701.83,20,0,1,1,2,0
Hirundapus_cochinchinensis,Hirundapus_cochinchinensis,1,0,190,3,5,5,70.57,38.57,0,1,0,0,0
Cypsiurus_balasiensis,Cypsiurus_balasiensis,0,0,111,1,5,2,21.52,50.58,0,1,0,1,0
Apus_apus,Apus_apus,0,0,172.15,3,5,1,772.96,50.2,0,1,0,1,0
Apus_pacificus,Apus_pacificus,0,0,181.75,1.5,5,3,919,29.95,0,1,1,0,0
Apus_nipalensis,Apus_nipalensis,0,0,111.15,3,5,2,103.77,23.29,0,1,0,0,0
Hemiprocne_coronata,Hemiprocne_coronata,0,0,116,1,5,1,39,27.1,0,1,0,0,0
Harpactes_erythrocephalus,Harpactes_erythrocephalus,1,0,356.15,3.5,1,1,300.68,31.8,0,1,0,0,1
Harpactes_oreskios,Harpactes_oreskios,1,0,190,1.5,1,1,61.67,33.81,0,1,0,0,0
Harpactes_wardi,Harpactes_wardi,1,1,371.15,3,5,1,39,33.35,0,1,0,0,0
Alcedo_hercules,Alcedo_hercules,1,1,112.15,5,6,3,113.17,15.97,0,1,0,2,2
Alcedo_atthis,Alcedo_atthis,0,0,165.5,6,6,2,961.58,13.09,0,1,0,0,1
Alcedo_meninting,Alcedo_meninting,0,0,150,6.5,6,1,39,11.57,0,1,0,0,1
Halcyon_smyrnensis,Halcyon_smyrnensis,0,0,180,6,6,9,139.95,18.17,0,1,0,0,1
Halcyon_pileata,Halcyon_pileata,0,0,187,5,6,3,606.69,18.97,0,1,0,0,1
Todiramphus_chloris,Todiramphus_chloris,0,0,120,2,6,1,16.39,15.21,0,1,0,0,0
Megaceryle_lugubris,Megaceryle_lugubris,0,0,202.15,5,6,1,236.83,17.18,0,1,0,1,0
Ceryle_rudis,Ceryle_rudis,0,0,178,2.5,6,1,192.13,18.88,0,1,0,0,0
Nyctyornis_athertoni,Nyctyornis_athertoni,1,0,312.15,5,5,1,21.52,16.65,0,5,0,0,0
Merops_orientalis,Merops_orientalis,0,0,112,5.5,5,1,87.6,35.95,0,5,0,0,0
Merops_viridis,Merops_viridis,0,0,170,2,5,9,180.2,32.23,0,5,0,0,0
Merops_philippinus,Merops_philippinus,0,0,305.5,5.5,5,1,128.91,38.2,0,5,0,0,0
Merops_apiaster,Merops_apiaster,1,0,166.15,5.5,5,1,166,39.31,0,5,0,0,0
Merops_leschenaulti,Merops_leschenaulti,0,0,109,5.5,5,1,39,36.11,0,5,0,0,0
Coracias_garrulus,Coracias_garrulus,1,1,318.5,5,5,2,186.11,32.17,0,1,0,0,0
Coracias_affinis,Coracias_benghalensis,1,0,335.15,2,5,3,107.81,35.6,0,1,0,0,0
Eurystomus_orientalis,Eurystomus_orientalis,0,0,169,3.5,5,3,606.69,35.12,0,1,1,0,0
Upupa_epops,Upupa_epops,0,0,180.75,7,5,10,961.58,35.89,0,1,0,0,1
Anthracoceros_albirostris,Anthracoceros_albirostris,2,0,813.75,1.5,1,1,61.67,31.71,0,1,0,0,2
Buceros_bicornis,Buceros_bicornis,2,1,1126.15,1,1,1,39,38.11,0,1,0,0,2
Anorrhinus_austeni,Anorrhinus_austeni,1,1,735.75,3.5,1,1,39,33.33,0,1,1,0,2
Aceros_nipalensis,Aceros_nipalensis,2,1,1170,1.5,3,1,159.11,36.26,0,1,1,0,2
Rhyticeros_undulatus,Aceros_undulatus,3,0,1010,1.5,1,1,39,36.15,0,1,1,0,2
Psilopogon_virens,Psilopogon_virens,0,0,315.75,3.5,1,1,377.5,12.98,0,1,0,0,0
Psilopogon_faiostrictus,Psilopogon_faiostrictus,1,0,153.15,1,1,1,21.62,13.12,0,1,0,0,0
Psilopogon_nuchalis,Psilopogon_nuchalis,0,0,115,2,1,1,3.61,15.02,0,1,0,1,0
Psilopogon_faber,Megalaima_oorti,0,0,112.15,3,1,1,25.18,11.16,0,1,0,2,1
Indicator_xanthonotus,Indicator_xanthonotus,1,1,150,1,5,1,159.11,18.28,1,2,1,1,0
Jynx_torquilla,Jynx_torquilla,0,0,181,9.5,5,2,961.58,12.66,0,1,1,2,0
Picumnus_innominatus,Picumnus_innominatus,0,0,101.5,3.5,5,3,276.25,12.15,0,1,0,1,0
Sasia_ochracea,Sasia_ochracea,0,0,85.15,3.5,5,1,100.51,13.28,0,1,1,2,0
Picoides_canicapillus,Dendrocopos_canicapillus,0,0,155.15,2.5,5,3,559.19,35.03,0,1,1,2,0
Picoides_kizuki,Dendrocopos_kizuki,0,0,122,5,5,1,399.81,31.53,0,1,1,2,0
Dryobates_minor,Dendrocopos_minor,0,0,153.75,5.5,5,1,210.51,19.25,0,1,1,2,0
Dendrocopos_hyperythrus,Dendrocopos_hyperythrus,0,0,111.75,3.5,5,2,510.83,31.85,0,1,1,1,0
Dendrocopos_darjellensis,Dendrocopos_darjellensis,0,0,132.75,3,5,1,107.81,30.66,0,1,1,1,0
Dryobates_cathpharius,Dendrocopos_cathpharius,0,0,171.5,3,5,3,300.6,19.01,0,1,1,2,0
Dendrocopos_leucotos,Dendrocopos_leucotos,0,0,151.15,2.5,5,1,295.79,30.56,0,1,1,1,0
Dendrocopos_major,Dendrocopos_major,0,0,119.5,5,5,3,851.97,31.01,0,1,1,1,0
Dendrocopos_leucopterus,Dendrocopos_leucopterus,1,0,115,5.5,5,1,166,31.11,0,1,1,2,0
Picoides_tridactylus,Picoides_tridactylus,0,0,117.75,2.5,5,2,673.1,19.69,0,1,1,1,0
Micropternus_brachyurus,Celeus_brachyurus,0,0,112,5,5,2,331.55,17.12,0,1,1,1,1
Dryocopus_javensis,Dryocopus_javensis,0,0,260,3,5,1,87.6,31.95,0,1,0,0,0
Dryocopus_martius,Dryocopus_martius,0,0,223.5,2.5,5,8,712.19,32.85,0,1,1,1,0
Picus_chlorolophus,Picus_chlorolophus,1,0,127,3,5,1,95.3,30.85,0,1,1,1,1
Chrysophlegma_flavinucha,Picus_flavinucha,3,0,315.15,3.5,1,1,162.11,19.96,0,1,1,1,1
Picus_canus,Picus_canus,0,0,191.5,9.5,5,1,936.71,18.08,0,1,1,2,0
Gecinulus_grantia,Gecinulus_grantia,0,0,120.5,3,5,1,102.65,31.75,0,1,1,1,0
Blythipicus_pyrrhotis,Blythipicus_pyrrhotis,0,0,170.75,3,5,1,331.55,19.21,0,1,1,0,1
Psarisomus_dalhousiae,Psarisomus_dalhousiae,1,0,128.75,5.5,1,1,80.19,15.1,1,3,0,2,1
Serilophus_lunatus,Serilophus_lunatus,1,0,173.15,2.5,5,1,186.23,17.35,1,3,0,1,1
Hydrornis_phayrei,Pitta_phayrei,1,0,119.5,2,5,1,39,11.97,1,5,0,2,0
Hydrornis_nipalensis,Pitta_nipalensis,1,0,116.5,2.5,5,1,181.89,11.92,1,5,1,2,0
Hydrornis_soror,Pitta_soror,3,0,113.75,2.5,5,1,66.11,11.77,1,5,0,2,2
Hydrornis_oatesi,Pitta_oatesi,1,0,127.5,2.5,5,1,39,12.57,1,5,0,2,0
Pitta_sordida,Pitta_sordida,1,0,177,2.5,5,1,107.81,16.96,1,5,0,1,0
Pitta_nympha,Pitta_nympha,1,1,191.15,5,5,1,185,30.97,1,5,0,2,1
Mirafra_javanica,Mirafra_javanica,1,0,135,3,1,1,21.75,16,1,5,0,2,0
Melanocorypha_calandra,Melanocorypha_calandra,1,0,193,2.5,1,1,166,35.19,1,5,0,2,0
Melanocorypha_bimaculata,Melanocorypha_bimaculata,0,0,192.5,2.5,1,1,166,31.11,1,5,0,2,0
Melanocorypha_maxima,Melanocorypha_maxima,0,0,111,1.5,1,1,270.22,31.96,1,5,1,2,0
Melanocorypha_mongolica,Melanocorypha_mongolica,1,0,185,2,1,3,328.31,33.21,1,5,0,2,2
Alauda_leucoptera,Melanocorypha_leucoptera,0,0,186.75,5,1,1,166,31.12,1,5,0,2,0
Melanocorypha_yeltoniensis,Melanocorypha_yeltoniensis,0,0,199.5,2.5,1,1,166,31.58,1,5,0,2,0
Calandrella_brachydactyla,Calandrella_brachydactyla,0,0,151,2,1,1,769.01,31.65,1,5,0,1,0
Calandrella_acutirostris,Calandrella_acutirostris,0,0,126.5,1,1,1,572.8,31.53,1,5,0,1,0
Alaudala_rufescens,Calandrella_cheleensis,0,0,155.15,2,1,3,723.19,30.21,1,5,0,2,0
Galerida_cristata,Galerida_cristata,0,0,169,2,1,5,707.71,30.12,1,5,0,0,1
Alauda_arvensis,Alauda_arvensis,0,0,173.75,2,1,2,631.01,33.72,1,5,0,0,1
Alauda_gulgula,Alauda_gulgula,0,0,155.15,2,1,1,690.86,31.16,1,5,0,1,1
Eremophila_alpestris,Eremophila_alpestris,0,0,168,3.5,1,1,693.67,31.81,1,5,2,2,0
Riparia_riparia,Riparia_riparia,0,0,118.15,5,5,6,611.99,21.8,0,1,1,2,0
Riparia_chinensis,Riparia_paludicola,0,0,110,3,5,3,21.73,22.31,0,1,1,2,0
Ptyonoprogne_rupestris,Hirundo_rupestris,0,0,128,2,5,1,685.37,29.5,0,1,1,2,0
Ptyonoprogne_concolor,Hirundo_concolor,1,0,117.5,3,5,1,111.17,25.08,0,1,1,2,0
Hirundo_rustica,Hirundo_rustica,0,0,161.5,2.5,5,3,961.58,21.55,0,1,1,0,0
Hirundo_tahitica,Hirundo_tahitica,0,0,137.5,2.5,5,8,3.61,23.83,0,1,1,1,0
Cecropis_daurica,Hirundo_daurica,0,0,177.5,5,5,3,950.8,21.1,0,1,2,0,0
Delichon_urbicum,Delichon_urbicum,0,0,135.15,5,5,7,651.3,20.23,0,1,1,0,0
Delichon_dasypus,Delichon_dasypus,0,0,113,3,5,1,580.38,21.63,0,1,1,0,0
Delichon_nipalense,Delichon_nipalense,0,0,110.5,2,5,3,159.11,38.62,0,1,1,0,0
Dendronanthus_indicus,Dendronanthus_indicus,0,0,159.5,5,5,5,821.36,19.99,1,5,1,0,0
Motacilla_alba,Motacilla_alba,0,0,175.75,5.5,5,2,961.58,31.76,1,5,1,0,1
Motacilla_grandis,Motacilla_grandis,0,0,186.75,5,5,3,63.79,31.53,1,5,1,0,0
Motacilla_citreola,Motacilla_citreola,0,0,167.5,2.5,5,1,877.51,30.17,1,5,1,1,0
Motacilla_flava,Motacilla_flava,0,0,166,5,5,8,910.76,19.36,1,5,2,0,0
Motacilla_cinerea,Motacilla_cinerea,0,0,179.15,5,5,1,961.58,30.76,1,5,2,1,1
Anthus_rufulus,Anthus_rufulus,0,0,175.15,2,5,3,119.12,17.51,1,5,1,0,0
Anthus_richardi,Anthus_richardi,0,0,175.15,5,5,11,838.72,17.51,1,5,1,0,0
Anthus_campestris,Anthus_campestris,0,0,165.5,5,5,2,166,19.56,1,5,0,0,0
Anthus_godlewskii,Anthus_godlewskii,0,0,166.5,3.5,5,2,687.13,30.92,1,5,1,0,0
Anthus_trivialis,Anthus_trivialis,0,0,128.5,2.5,5,6,255.21,19.5,1,5,1,0,0
Anthus_hodgsoni,Anthus_hodgsoni,0,0,152,5,5,2,961.58,19.85,1,5,1,0,0
Anthus_gustavi,Anthus_gustavi,0,0,150.15,5,5,7,200.31,30.05,1,5,1,0,0
Anthus_pratensis,Anthus_pratensis,0,0,152.5,5,5,9,116.17,30.77,1,5,1,1,0
Anthus_cervinus,Anthus_cervinus,0,0,150.75,5,5,6,766.05,19.52,1,5,1,0,0
Anthus_roseatus,Anthus_roseatus,0,0,153.75,2,5,8,619.35,19.75,1,5,1,0,0
Anthus_spinoletta,Anthus_spinoletta,0,0,161,5,5,3,575.11,31.21,1,5,2,0,0
Anthus_rubescens,Anthus_rubescens,0,0,152,5,5,3,766.05,19.85,1,5,1,1,0
Anthus_sylvanus,Anthus_sylvanus,0,0,152,2,5,7,155.83,17.38,1,5,0,0,0
Coracina_javensis,Coracina_macei,0,0,193.5,1,1,1,132.51,37.1,1,1,0,0,0
Lalage_melaschistos,Coracina_melaschistos,0,0,116,3,1,3,270.56,32.22,1,1,1,0,0
Pericrocotus_roseus,Pericrocotus_roseus,0,0,186.15,3.5,1,1,157.21,31.82,1,1,1,0,0
Pericrocotus_cantonensis,Pericrocotus_cantonensis,0,0,181.5,2,1,1,311.91,31.08,1,1,1,0,0
Pericrocotus_divaricatus,Pericrocotus_divaricatus,0,0,193.15,2.5,5,3,530.21,31.61,1,1,0,0,0
Pericrocotus_ethologus,Pericrocotus_ethologus,0,0,187.15,3,5,3,266.27,32.31,1,1,2,2,0
Pericrocotus_brevirostris,Pericrocotus_brevirostris,0,0,179.5,3,5,1,170.61,31.13,1,1,1,2,0
Pericrocotus_flammeus,Pericrocotus_flammeus,0,0,101,3,5,3,181.95,31.12,1,1,0,2,1
Pericrocotus_solaris,Pericrocotus_solaris,0,0,177.75,3.5,5,1,152.18,31.51,1,1,0,1,1
Spizixos_canifrons,Spizixos_canifrons,0,0,100.15,3,1,1,111.17,16.68,1,3,0,2,0
Spizixos_semitorques,Spizixos_semitorques,0,0,191.75,3.5,1,3,333.81,15.77,1,1,0,2,0
Alcurus_striatus,Pycnonotus_striatus,0,0,116,3,3,1,100.51,18.51,1,3,0,2,0
Brachypodius_atriceps,Pycnonotus_atriceps,0,0,180.5,1,1,3,39,15.29,1,1,0,0,0
Rubigula_flaviventris,Pycnonotus_melanicterus,0,0,190.15,3,1,1,61.67,16.5,1,3,0,1,0
Pycnonotus_taivanus,Pycnonotus_taivanus,1,1,179.1,3.5,1,1,3.61,17.23,1,3,0,1,0
Pycnonotus_leucogenys,Pycnonotus_leucogenys,0,0,165,2.5,1,1,110.11,19.27,1,1,0,2,0
Pycnonotus_jocosus,Pycnonotus_jocosus,0,0,193.15,3,1,7,181.95,17.01,1,3,0,2,1
Pycnonotus_xanthorrhous,Pycnonotus_xanthorrhous,0,0,192,3.5,1,6,260.68,17.01,1,3,0,1,0
Pycnonotus_sinensis,Pycnonotus_sinensis,0,0,186.75,2,1,6,285.38,16.78,1,1,1,0,1
Pycnonotus_cafer,Pycnonotus_cafer,0,0,111.75,3,1,8,103.28,17.99,1,3,0,2,0
Pycnonotus_aurigaster,Pycnonotus_aurigaster,0,0,110,1.5,1,1,100.78,17.27,1,3,0,1,0
Pycnonotus_finlaysoni,Pycnonotus_finlaysoni,0,0,190,1.5,1,1,39,12.65,1,3,0,1,0
Pycnonotus_flavescens,Pycnonotus_flavescens,1,0,101,3,1,1,39,16.39,1,3,0,2,0
Alophoixus_flaveolus,Alophoixus_flaveolus,0,0,112.5,3,1,1,159.11,16.25,1,1,1,1,0
Alophoixus_pallidus,Alophoixus_pallidus,0,0,115.75,3,1,1,83.83,18.01,1,3,0,1,1
Iole_propinqua,Iole_propinqua,0,0,190,3.5,1,3,61.67,18.63,1,1,0,2,0
Hypsipetes_amaurotis,Ixos_amaurotis,0,0,171.5,2.5,1,6,116.16,31.53,1,1,0,0,0
Hemixos_flavala,Hemixos_flavala,0,0,106.15,3,1,2,159.11,30.17,1,3,0,1,0
Hemixos_castanonotus,Hemixos_castanonotus,0,0,106.5,2,1,2,151.83,19.21,1,1,0,2,1
Ixos_mcclellandii,Hypsipetes_mcclellandii,0,0,111.15,3,1,9,207.95,31.19,1,1,0,0,1
Hypsipetes_leucocephalus,Hypsipetes_leucocephalus,0,0,120,3,1,3,211.58,31.6,1,1,0,0,1
Aegithina_tiphia,Aegithina_tiphia,0,0,139.5,3,1,1,39,16.17,1,3,1,0,0
Aegithina_lafresnayei,Aegithina_lafresnayei,0,0,158,1,1,1,39,15.71,1,3,1,0,0
Chloropsis_moluccensis,Chloropsis_cochinchinensis,0,0,166.15,1.5,1,1,39,16.75,1,1,1,0,0
Chloropsis_aurifrons,Chloropsis_aurifrons,1,0,178.75,1.5,1,1,39,19.3,1,1,1,0,0
Chloropsis_hardwickii,Chloropsis_hardwickii,0,0,180.15,3,1,1,180.36,18.73,1,1,1,0,1
Irena_puella,Irena_puella,1,0,158.15,1.5,1,1,159.11,30.56,1,3,1,0,0
Bombycilla_garrulus,Bombycilla_garrulus,0,0,191.75,5,1,3,632.71,19.93,1,1,0,0,1
Bombycilla_japonica,Bombycilla_japonica,0,1,180,3,1,3,371.89,30.55,1,1,1,0,0
Lanius_tigrinus,Lanius_tigrinus,0,0,170.75,5.5,5,8,713.37,19.77,1,1,1,0,0
Lanius_bucephalus,Lanius_bucephalus,0,0,102.75,5,5,3,213.92,15.26,1,1,1,2,0
Lanius_collurio,Lanius_collurio,0,0,191.5,5.5,5,1,166,18.16,1,1,1,2,0
Lanius_isabellinus,Lanius_isabellinus,0,0,176,5.5,5,6,253.18,18.63,1,1,1,1,0
Lanius_cristatus,Lanius_cristatus,0,0,189.15,6,5,11,669.71,17.18,1,1,1,0,1
Lanius_collurioides,Lanius_collurioides,1,0,190.5,2.5,5,2,118.28,18.07,1,1,0,0,0
Lanius_schach,Lanius_schach,0,0,128.5,2.5,5,8,650.92,12.59,1,1,2,2,1
Lanius_tephronotus,Lanius_tephronotus,0,0,113.15,5,5,2,673.18,16.77,1,1,2,1,0
Lanius_excubitor,Lanius_excubitor,0,0,123.5,5.5,5,1,227.9,18.51,1,1,1,2,0
Lanius_minor,Lanius_minor,0,0,111.15,5.5,5,1,166,31.16,1,1,1,2,0
Lanius_sphenocercus,Lanius_sphenocercus,0,0,181.75,6,5,2,702.2,18.1,1,1,0,0,0
Tephrodornis_virgatus,Tephrodornis_gularis,0,0,108.5,3,5,1,112.1,32.19,1,3,1,0,0
Oriolus_oriolus,Oriolus_oriolus,0,0,122.5,2,1,1,186.11,35.78,1,1,1,0,0
Oriolus_chinensis,Oriolus_chinensis,0,0,123,2,1,2,606.69,32.96,1,1,1,0,1
Oriolus_traillii,Oriolus_traillii,1,0,153.75,1.5,1,1,107.67,31.29,1,1,1,1,0
Oriolus_mellianus,Oriolus_mellianus,3,3,126.15,3.5,1,1,168.02,32.35,1,1,1,0,0
Dicrurus_macrocercus,Dicrurus_macrocercus,0,0,165.75,3.5,5,5,716.91,38.01,1,1,1,0,1
Dicrurus_leucophaeus,Dicrurus_leucophaeus,0,0,175.15,3.5,5,3,291.72,38.01,1,1,1,0,1
Dicrurus_annectens,Dicrurus_annectens,0,0,152.75,3.5,5,1,82.18,37.81,1,1,0,0,0
Dicrurus_aeneus,Dicrurus_aeneus,0,0,111.15,3.5,5,1,115.62,20.62,1,1,1,0,1
Dicrurus_hottentottus,Dicrurus_hottentottus,0,0,306.75,3.5,5,1,573.88,38.11,1,1,0,0,0
Dicrurus_remifer,Dicrurus_remifer,1,0,511,3.5,5,1,61.67,38.03,1,1,1,0,0
Dicrurus_paradiseus,Dicrurus_paradiseus,1,0,516.15,3.5,5,1,21.52,36.27,1,1,1,0,2
Aplonis_panayensis,Aplonis_panayensis,0,0,100,3.5,1,2,3.61,13.37,1,1,1,0,0
Gracula_religiosa,Gracula_religiosa,1,0,171,3,1,1,82.18,17.62,0,1,0,0,2
Acridotheres_grandis,Acridotheres_grandis,0,0,126.5,5,1,1,61.67,19.28,0,1,0,0,2
Acridotheres_cristatellus,Acridotheres_cristatellus,0,0,121.15,2.5,1,1,351.76,16.87,0,1,0,0,2
Acridotheres_albocinctus,Acridotheres_albocinctus,0,0,133,5,1,1,39,16.12,0,1,0,0,2
Acridotheres_tristis,Acridotheres_tristis,0,0,150,5,1,1,199.37,18.73,0,1,0,1,2
Acridotheres_burmannicus,Sturnus_burmannicus,0,0,150,2,1,3,39,11.19,0,1,1,1,0
Saroglossa_spiloptera,Saroglossa_spiloptera,0,0,190,2.8,1,3,39,18.91,1,1,1,0,0
Gracupica_nigricollis,Sturnus_nigricollis,0,0,182,5,1,3,187.05,19.35,1,1,1,1,0
Gracupica_contra,Sturnus_contra,0,0,117.15,5,1,3,39,16.72,0,1,2,1,0
Agropsar_sturninus,Sturnus_sturninus,0,0,173.5,5,1,8,606.69,17.53,0,1,1,1,0
Agropsar_philippensis,Sturnus_philippensis,0,0,181,5,1,1,72.13,19.02,0,1,2,1,0
Sturnia_sinensis,Sturnus_sinensis,0,0,183.15,2.5,1,1,133.52,18.13,0,1,2,1,0
Sturnia_malabarica,Sturnus_malabaricus,0,0,187,2,1,2,129.11,18.86,0,1,1,0,0
Sturnia_pagodarum,Sturnus_pagodarum,0,0,101.5,2,1,7,159.11,19.03,0,1,0,1,0
Pastor_roseus,Sturnus_roseus,0,0,115.5,5,1,2,335.11,30.57,0,5,0,1,0
Spodiopsar_sericeus,Sturnus_sericeus,0,0,115,6.3,1,8,158.15,18.26,0,1,0,0,1
Spodiopsar_cineraceus,Sturnus_cineraceus,0,0,116,6,1,11,821.36,19.12,0,1,0,0,1
Sturnus_vulgaris,Sturnus_vulgaris,0,0,109.5,5,1,3,709.23,30.16,0,1,0,1,0
Artamus_fuscus,Artamus_fuscus,0,0,173.15,1,5,1,82.18,35.68,0,3,1,1,0
Perisoreus_infaustus,Perisoreus_infaustus,1,0,188,3.5,1,1,331.6,33.19,1,1,1,1,0
Perisoreus_internigrans,Perisoreus_internigrans,1,1,199.5,3,1,1,183.86,35.76,1,1,1,0,0
Garrulus_glandarius,Garrulus_glandarius,0,0,317.5,6.5,1,5,912.61,33.83,1,1,1,0,0
Cyanopica_cyanus,Cyanopica_cyanus,0,0,362.75,6.5,1,11,571.7,35.15,1,1,0,2,1
Urocissa_caerulea,Urocissa_caerulea,0,0,585,5.5,1,1,3.61,31.11,1,1,1,1,0
Urocissa_flavirostris,Urocissa_flavirostris,0,0,575,5.5,1,1,159.11,32.26,1,1,1,2,0
Urocissa_erythroryncha,Urocissa_erythrorhyncha,0,0,580.75,2.5,1,1,535.82,32.17,1,1,0,0,1
Urocissa_whiteheadi,Urocissa_whiteheadi,1,0,265.75,5.3,1,1,112.81,33.33,1,1,1,0,0
Cissa_hypoleuca,Cissa_hypoleuca,1,0,310.5,5.3,1,1,75.81,17.31,1,1,0,0,1
Cissa_chinensis,Cissa_chinensis,1,0,362,2.5,5,5,181.89,19.19,1,1,0,0,0
Dendrocitta_vagabunda,Dendrocitta_vagabunda,0,0,207.5,2.5,1,3,39,31.5,1,3,0,0,0
Dendrocitta_formosae,Dendrocitta_formosae,0,0,353,2,1,1,137.61,30.8,1,3,0,0,1
Dendrocitta_frontalis,Dendrocitta_frontalis,0,0,321.5,3.5,1,2,159.11,19.51,1,1,0,1,0
Crypsirina_temia,Temnurus_temnurus,1,0,317.15,1,5,1,21.52,31.05,1,1,0,2,0
Pica_pica,Pica_pica,0,0,211.5,6.5,1,11,961.58,33.39,1,1,0,1,0
Podoces_hendersoni,Podoces_hendersoni,1,0,183,1,1,1,205.98,18.71,1,3,0,2,2
Podoces_biddulphi,Podoces_biddulphi,1,1,187,1,1,1,111.37,19.13,1,1,0,2,2
Nucifraga_caryocatactes,Nucifraga_caryocatactes,0,0,318,3.5,1,1,710.65,32.6,1,1,0,2,0
Pyrrhocorax_pyrrhocorax,Pyrrhocorax_pyrrhocorax,0,0,205.5,2.5,1,7,717.87,21.97,1,1,0,2,0
Pyrrhocorax_graculus,Pyrrhocorax_graculus,0,0,362.5,3.5,1,6,613.8,23.13,0,1,0,0,0
Corvus_monedula,Corvus_monedula,0,0,333.75,5.5,1,2,186.11,20.15,1,1,1,2,0
Corvus_dauuricus,Corvus_dauuricus,0,0,312,5.5,1,12,959.02,38.61,0,1,0,2,0
Corvus_splendens,Corvus_splendens,0,0,205.5,2.5,1,5,161.85,38.91,1,1,0,2,0
Corvus_frugilegus,Corvus_frugilegus,0,0,260,5.5,1,1,785.63,21.02,1,1,0,2,0
Corvus_corone,Corvus_corone,0,0,279.5,2.5,1,2,752.37,21.62,1,1,1,2,0
Corvus_macrorhynchos,Corvus_macrorhynchos,0,0,290,2,1,15,796.58,39.61,1,1,0,1,0
Corvus_pectoralis,Corvus_torquatus,1,1,280.5,5,1,3,519.11,20.67,1,1,0,0,0
Corvus_corax,Corvus_corax,0,0,652.5,5,1,11,679.98,25.28,1,1,0,0,0
Cinclus_cinclus,Cinclus_cinclus,0,0,178,5,5,2,288.86,11.38,1,5,0,0,0
Cinclus_pallasii,Cinclus_pallasii,0,0,111,2.5,5,1,959.02,11.91,1,5,0,0,0
Troglodytes_troglodytes,Troglodytes_troglodytes,0,0,97.5,5,5,2,893.22,13.58,1,1,0,2,0
Prunella_collaris,Prunella_collaris,0,0,172.15,2,1,5,771.23,19.52,1,5,0,2,0
Prunella_himalayana,Prunella_himalayana,0,0,159.75,5,1,3,166,18.23,1,5,0,2,0
Prunella_rubeculoides,Prunella_rubeculoides,0,0,156.5,2.5,1,7,311.86,15.91,1,3,0,2,0
Prunella_strophiata,Prunella_strophiata,0,0,120.75,2.5,1,9,379.65,12.28,1,3,1,2,0
Prunella_montanella,Prunella_montanella,0,0,126.15,5,1,10,638.91,17.91,1,3,0,0,0
Prunella_fulvescens,Prunella_fulvescens,0,0,125.5,2.5,1,7,576.22,19.03,1,5,0,2,0
Prunella_atrogularis,Prunella_atrogularis,0,0,155,2.5,1,6,186.11,16.92,1,3,0,2,0
Prunella_koslowi,Prunella_koslowi,1,0,126,2.5,1,1,118.91,18.13,1,3,0,0,0
Prunella_immaculata,Prunella_immaculata,0,0,121.5,2,1,8,323.22,19.17,1,3,0,0,0
Brachypteryx_hyperythra,Brachypteryx_hyperythra,1,1,117.5,3.3,1,1,159.11,15.95,1,3,0,1,0
Heteroxenicus_stellatus,Brachypteryx_stellata,0,0,130,3.3,1,3,159.11,18.23,1,3,0,1,0
Brachypteryx_leucophris,Brachypteryx_leucophrys,0,0,115.15,3.5,5,3,165.07,12.23,1,1,0,0,0
Brachypteryx_sinensis,Brachypteryx_montana,0,0,131.5,3,5,1,315.28,12.36,1,1,0,0,0
Erithacus_rubecula,Erithacus_rubecula,0,0,123.15,5.5,1,1,185.92,16.72,1,5,1,0,0
Larvivora_akahige,Erithacus_akahige,0,0,136.5,5,5,2,165.73,19.98,1,5,0,0,0
Larvivora_sibilans,Luscinia_sibilans,0,0,135.5,5,5,2,528.13,18.36,0,1,0,0,0
Luscinia_megarhynchos,Luscinia_megarhynchos,0,0,188.5,5,5,1,166,30.87,1,5,0,0,0
Calliope_calliope,Luscinia_calliope,0,0,150,5,5,5,821.36,16.78,1,5,0,0,1
Calliope_pectoralis,Luscinia_pectoralis,1,0,122,2,5,3,297.1,12.16,1,5,0,0,0
Luscinia_svecica,Luscinia_svecica,0,0,121.5,5.5,5,2,959.02,17.55,1,5,0,0,1
Larvivora_ruficeps,Luscinia_ruficeps,3,3,131,2,1,1,69.18,18.67,1,3,1,0,0
Calliope_obscura,Luscinia_obscura,3,1,118.5,5,5,1,153.55,16.71,1,5,1,2,0
Calliope_pectardens,Luscinia_pectardens,1,1,138.5,2.8,5,1,136.62,17.11,1,3,0,1,0
Larvivora_brunnea,Luscinia_brunnea,0,0,131,3.5,5,3,173.77,30.86,1,5,0,0,0
Larvivora_cyane,Luscinia_cyane,0,0,118.75,5.5,5,2,716.91,18.69,1,5,0,0,1
Tarsiger_cyanurus,Tarsiger_cyanurus,0,0,136,5.5,1,9,961.58,31.6,1,5,1,1,0
Tarsiger_chrysaeus,Tarsiger_chrysaeus,0,0,116.15,3.5,1,6,370.17,17.17,1,5,0,2,0
Tarsiger_indicus,Tarsiger_indicus,0,0,123,3.5,5,6,156.81,31.68,1,1,0,0,0
Tarsiger_johnstoniae,Tarsiger_johnstoniae,0,0,133,3,1,1,3.61,19.09,1,1,0,0,0
Copsychus_saularis,Copsychus_saularis,0,0,101.5,5,5,7,262.33,17.81,0,1,0,0,1
Kittacincla_malabarica,Copsychus_malabaricus,0,0,120.5,2.5,5,1,161.76,18.28,0,1,0,2,1
Phoenicurus_alaschanicus,Phoenicurus_alaschanicus,3,1,159,2.7,5,1,196.75,31.9,1,3,0,2,0
Phoenicurus_erythronotus,Phoenicurus_erythronotus,0,0,157,2.5,5,1,166,31.67,1,5,0,2,0
Phoenicurus_coeruleocephala,Phoenicurus_caeruleocephala,0,0,138,2,5,1,166,31.68,1,5,0,1,0
Phoenicurus_ochruros,Phoenicurus_ochruros,0,0,123,5,5,6,727.81,30.32,0,3,0,1,0
Phoenicurus_phoenicurus,Phoenicurus_phoenicurus,0,0,125,6.5,5,1,166,31.03,1,1,0,0,0
Phoenicurus_hodgsoni,Phoenicurus_hodgsoni,0,0,126,5,5,6,398.09,18.83,1,1,0,2,0
Phoenicurus_schisticeps,Phoenicurus_schisticeps,0,0,129,3.5,1,6,368.67,18.55,0,1,0,1,0
Phoenicurus_auroreus,Phoenicurus_auroreus,0,0,121.75,6.5,5,7,796.58,17.67,1,5,0,2,0
Phoenicurus_erythrogastrus,Phoenicurus_erythrogastrus,0,0,171.15,2,5,5,750.77,32.38,1,5,0,1,0
Phoenicurus_frontalis,Phoenicurus_frontalis,0,0,150.5,3.5,5,6,511.83,31.39,0,5,0,2,0
Phoenicurus_fuliginosus,Rhyacornis_fuliginosa,0,0,116,2.5,5,1,715.72,16.62,0,5,0,1,0
Phoenicurus_leucocephalus,Chaimarrornis_leucocephalus,0,0,172.5,3.5,5,1,837.71,18.87,0,5,0,2,0
Hodgsonius_phaenicuroides,Hodgsonius_phaenicuroides,0,0,168.5,3,5,6,230.71,13.27,1,3,0,2,0
Myiomela_leucurum,Cinclidium_leucurum,0,0,163.15,3.5,5,2,293.92,30.88,1,5,1,1,0
Cinclidium_frontale,Cinclidium_frontale,0,0,195,3.5,1,1,87.6,18.79,1,5,1,2,0
Grandala_coelicolor,Grandala_coelicolor,0,0,199,1,5,6,331.1,39.11,1,5,0,0,0
Enicurus_scouleri,Enicurus_scouleri,0,0,112.15,3,5,1,200.72,18.72,1,1,0,2,0
Enicurus_immaculatus,Enicurus_immaculatus,0,0,163.5,3.5,5,1,159.11,19.86,1,1,1,1,0
Enicurus_schistaceus,Enicurus_schistaceus,0,0,117.75,3.5,5,1,119.91,30.16,1,5,1,0,0
Enicurus_leschenaulti,Enicurus_leschenaulti,0,0,165.75,3,5,1,286.51,19.91,1,5,0,0,1
Enicurus_maculatus,Enicurus_maculatus,0,0,121.75,3.5,5,5,176.06,19.68,1,5,0,0,0
Cochoa_purpurea,Cochoa_purpurea,0,0,161,3,5,1,115.22,31.81,1,3,0,2,0
Cochoa_viridis,Cochoa_viridis,0,0,177,3,5,3,171.61,18.89,1,3,0,2,0
Saxicola_insignis,Saxicola_insignis,3,1,127.5,5,5,1,381.19,30.17,1,5,0,2,0
Saxicola_torquatus,Saxicola_torquatus,0,0,113.5,6.5,5,6,961.58,16,1,5,0,2,0
Saxicola_caprata,Saxicola_caprata,0,0,131.5,2,5,1,107.81,16.17,1,5,1,2,0
Saxicola_jerdoni,Saxicola_jerdoni,0,0,155,3.5,5,1,39,17.62,1,3,0,2,0
Saxicola_ferreus,Saxicola_ferreus,0,0,131.5,2.5,5,10,567.62,15.95,1,5,1,2,0
Oenanthe_oenanthe,Oenanthe_oenanthe,0,0,121,5.5,5,3,329.69,31.17,0,5,1,2,0
Oenanthe_picata,Oenanthe_picata,0,0,170,5.5,5,1,166,31.35,0,5,1,2,0
Oenanthe_pleschanka,Oenanthe_pleschanka,0,0,151.15,5,5,1,522.05,32.15,0,5,0,1,0
Oenanthe_deserti,Oenanthe_deserti,0,0,127,5,5,1,526.78,33.21,0,5,1,0,0
Oenanthe_isabellina,Oenanthe_isabellina,0,0,155.5,5.5,5,3,585.59,31.01,0,5,0,2,0
Monticola_saxatilis,Monticola_saxatilis,0,0,187,5,1,2,273.01,19.71,1,5,0,2,0
Monticola_gularis,Monticola_gularis,0,0,175.75,6,5,2,299.56,19.5,1,5,0,2,1
Monticola_rufiventris,Monticola_rufiventris,0,0,113.15,3.5,5,2,381.67,30.89,1,5,0,2,0
Monticola_solitarius,Monticola_solitarius,0,0,107.5,2.5,5,6,871.12,30.91,1,5,0,2,0
Myophonus_insularis,Myophonus_insularis,0,0,195.15,3.5,5,1,3.61,30.21,1,5,0,2,0
Myophonus_caeruleus,Myophonus_caeruleus,0,0,305.5,2,5,1,779.68,31.76,1,3,0,2,0
Geokichla_citrina,Zoothera_citrina,0,0,198.15,3.5,1,1,160.15,19.82,1,3,0,2,0
Geokichla_sibirica,Zoothera_sibirica,0,0,113.75,2.5,1,3,600.05,19.23,1,3,0,2,0
Zoothera_mollissima,Zoothera_mollissima,0,0,138,2,5,3,107.81,31.15,1,3,0,2,0
Zoothera_dixoni,Zoothera_dixoni,0,0,126.75,3,1,3,195.11,30.81,1,3,0,2,0
Zoothera_dauma,Zoothera_dauma,0,0,182.5,2.5,5,5,961.58,30.81,1,5,0,2,0
Zoothera_marginata,Zoothera_marginata,0,0,120,3.5,5,1,39,30.38,1,3,0,2,0
Turdus_hortulorum,Turdus_hortulorum,0,0,115,2,1,5,766.05,19.27,1,3,0,1,0
Turdus_dissimilis,Turdus_dissimilis,1,0,111,3.5,1,1,80.19,19.19,1,3,0,2,0
Turdus_cardis,Turdus_cardis,0,0,113.15,2,1,2,155.56,18.06,1,3,0,2,1
Turdus_albocinctus,Turdus_albocinctus,0,0,153.5,3.5,1,6,153.19,31.8,1,3,0,2,0
Turdus_boulboul,Turdus_boulboul,0,0,177.5,3.5,1,5,192.82,30.83,1,3,1,2,0
Turdus_merula,Turdus_merula,0,0,158,5.5,1,3,873.91,31.28,1,1,0,1,1
Turdus_poliocephalus,Turdus_poliocephalus,0,0,116.15,1.5,1,1,3.61,16.08,1,3,0,2,0
Turdus_rubrocanus,Turdus_rubrocanus,0,0,161.15,3.5,1,3,392.53,19.8,1,3,0,2,0
Turdus_kessleri,Turdus_kessleri,0,0,161,2.5,5,3,311.86,31.88,1,5,0,2,0
Turdus_feae,Turdus_feae,1,1,115.75,2,1,1,170.19,31.1,1,3,0,1,0
Turdus_obscurus,Turdus_obscurus,0,0,117.75,5.5,1,7,821.36,19.63,1,3,0,2,0
Turdus_pallidus,Turdus_pallidus,0,0,111.15,5,5,5,961.58,19.13,1,3,0,2,0
Turdus_chrysolaus,Turdus_chrysolaus,0,0,110,3.5,1,1,92.85,19.33,1,3,0,1,0
Turdus_ruficollis,Turdus_ruficollis,0,0,137.5,2.5,1,2,688.61,30.55,1,3,0,2,0
Turdus_naumanni,Turdus_naumanni,0,0,120,2,1,1,838.81,30.65,1,1,0,1,0
Turdus_pilaris,Turdus_pilaris,0,0,180,5.5,5,5,399.32,30.83,1,1,0,0,0
Turdus_iliacus,Turdus_iliacus,0,0,116.5,5.5,1,1,166,18.7,1,1,0,1,0
Turdus_philomelos,Turdus_philomelos,0,0,131.5,5.5,1,3,166,18.51,1,3,0,2,0
Otocichla_mupinensis,Turdus_mupinensis,0,0,119.5,2,5,1,277.56,18.93,1,3,0,2,0
Turdus_viscivorus,Turdus_viscivorus,0,0,181.15,2.5,1,1,166,31.66,1,1,0,2,0
Cyornis_brunneatus,Rhinomyias_brunneatus,1,1,158,1,5,1,199.18,31.39,1,3,0,1,0
Muscicapa_striata,Muscicapa_striata,0,0,157.5,2.5,5,3,166,32.37,1,3,0,0,0
Muscicapa_griseisticta,Muscicapa_griseisticta,0,0,130,2.5,5,5,209.22,31.28,1,1,0,0,0
Muscicapa_sibirica,Muscicapa_sibirica,0,0,130.75,2.5,5,2,670.08,31.86,1,1,0,0,0
Muscicapa_dauurica,Muscicapa_dauurica,0,0,110.5,5,5,9,807.87,30.68,1,1,0,1,1
Muscicapa_muttui,Muscicapa_muttui,0,0,119.75,2,5,2,191.85,30.72,0,1,0,2,0
Muscicapa_ferruginea,Muscicapa_ferruginea,0,0,116,3,5,3,335.67,30.68,1,1,0,1,0
Ficedula_zanthopygia,Ficedula_zanthopygia,0,0,111.15,5.5,5,5,669.71,30.36,0,1,1,0,0
Ficedula_narcissina,Ficedula_narcissina,0,0,117.15,2,5,1,115.15,30.11,0,1,1,0,0
Ficedula_mugimaki,Ficedula_mugimaki,0,0,111,6,5,3,520.01,19.81,1,1,1,0,0
Ficedula_erithacus,Ficedula_hodgsonii,0,0,112.5,5,5,6,358.87,31.76,1,5,1,0,0
Ficedula_strophiata,Ficedula_strophiata,0,0,119,3.5,5,6,355.17,30.5,0,1,1,0,0
Ficedula_albicilla,Ficedula_albicilla,0,0,119,5.5,5,8,821.36,30.71,0,1,1,0,0
Ficedula_hyperythra,Ficedula_hyperythra,0,0,102.5,2.5,5,7,132.52,17.72,1,1,1,0,0
Anthipes_monileger,Ficedula_monileger,0,0,115,2,5,1,39,19.36,1,3,1,0,0
Ficedula_westermanni,Ficedula_westermanni,0,0,103.15,3.5,5,2,100.51,19.13,1,5,0,0,0
Ficedula_superciliaris,Ficedula_superciliaris,0,0,106.75,2,5,1,107.81,30.5,0,1,1,0,0
Ficedula_tricolor,Ficedula_tricolor,0,0,112.15,2,5,3,306.17,18.61,1,5,2,0,0
Ficedula_sapphira,Ficedula_sapphira,0,0,108.5,2,5,1,108.18,19.01,0,5,1,0,0
Cyanoptila_cyanomelana,Cyanoptila_cyanomelana,0,0,152.5,5,5,8,558.06,31.06,1,1,1,0,0
Eumyias_thalassinus,Eumyias_thalassinus,0,0,128,2,5,9,395.28,31.23,0,5,1,0,0
Niltava_grandis,Niltava_grandis,0,0,108.75,2,5,3,102.59,30.99,0,5,1,0,0
Niltava_macgrigoriae,Niltava_macgrigoriae,0,0,113.15,2,5,1,158.11,18.56,0,5,0,0,0
Niltava_davidi,Niltava_davidi,0,0,163.15,2,5,2,108.21,30.8,0,5,1,0,0
Niltava_sundara,Niltava_sundara,0,0,153.15,2,5,6,336.19,30.11,0,5,1,0,0
Niltava_vivida,Niltava_vivida,0,0,166.75,2,5,5,111.22,30.16,0,5,1,0,0
Cyornis_concretus,Cyornis_concretus,0,0,161.5,1,5,1,39,18.98,0,5,0,0,0
Cyornis_hainanus,Cyornis_hainanus,0,0,120.5,3.7,5,1,82.19,19.19,0,5,1,0,1
Cyornis_poliogenys,Cyornis_poliogenys,0,0,120,2,5,3,39,31.11,0,5,0,0,0
Cyornis_unicolor,Cyornis_unicolor,0,0,166.75,2,5,2,186.23,18.28,0,5,0,0,0
Cyornis_rubeculoides,Cyornis_rubeculoides,0,0,138.15,2,5,9,196.51,19.75,1,1,1,0,0
Cyornis_banyumas,Cyornis_banyumas,0,0,121.15,2.5,5,1,150.07,17.89,1,3,1,0,0
Ficedula_hodgsoni,Muscicapella_hodgsoni,0,0,105,3.7,5,1,159.11,13.08,1,3,1,0,0
Culicicapa_ceylonensis,Culicicapa_ceylonensis,0,0,117,3,5,3,215.91,19.11,1,1,1,0,0
Chelidorhynx_hypoxanthus,Rhipidura_hypoxantha,0,0,108.75,1,5,1,107.81,30.21,1,3,1,0,0
Rhipidura_albicollis,Rhipidura_albicollis,0,0,178.15,3,5,1,170.61,32.33,1,3,0,0,1
Rhipidura_aureola,Rhipidura_aureola,0,0,170,3,5,1,39,39.9,1,3,1,0,0
Hypothymis_azurea,Hypothymis_azurea,0,0,150,2,5,3,166.53,31.81,1,3,1,0,1
Terpsiphone_atrocaudata,Terpsiphone_atrocaudata,1,1,317,3.5,5,1,110.03,31.23,1,1,1,0,0
Terpsiphone_paradisi,Terpsiphone_paradisi,1,0,160.5,3,5,6,288.39,31.95,1,1,1,0,0
Garrulax_perspicillatus,Garrulax_perspicillatus,0,0,192.75,2,1,6,310.86,12.77,1,3,1,0,0
Garrulax_albogularis,Garrulax_albogularis,0,0,179,3.5,1,1,191.27,16.56,1,3,1,0,0
Garrulax_leucolophus,Garrulax_leucolophus,0,0,185,2,1,2,159.11,15.56,1,3,0,0,0
Garrulax_monileger,Garrulax_monileger,0,0,180,2,1,1,168.19,18.66,1,3,0,0,1
Garrulax_pectoralis,Garrulax_pectoralis,0,0,197.5,2,1,2,317.19,15.11,1,3,1,0,1
Grammatoptila_striata,Garrulax_striatus,0,0,308.75,1,1,2,176.82,16.59,1,3,0,0,0
Garrulax_strepitans,Garrulax_strepitans,0,0,300,3.2,1,1,39,17.03,1,3,0,0,0
Garrulax_maesi,Garrulax_maesi,0,0,185.5,3.2,1,2,170.61,16.82,1,3,0,0,1
Garrulax_ruficollis,Garrulax_ruficollis,0,0,130,2,1,3,39,11.71,1,3,0,0,0
Garrulax_chinensis,Garrulax_chinensis,0,0,157.15,2,1,1,92.73,12.76,1,3,0,0,2
Garrulax_courtoisi,Garrulax_courtoisi,2,2,120,3.2,1,1,55.69,11.91,1,3,0,0,0
Garrulax_gularis,Garrulax_gularis,1,0,130,3,1,1,39,11.15,1,3,0,0,0
Garrulax_davidi,Garrulax_davidi,0,0,125,2,1,3,393.85,11.02,1,5,0,0,0
Garrulax_sukatschewi,Garrulax_sukatschewi,1,1,182.15,3,1,1,93.97,11.3,1,3,0,0,0
Garrulax_cineraceus,Garrulax_cineraceus,0,0,130.5,3,1,6,223.97,13.31,1,3,0,0,0
Garrulax_rufogularis,Garrulax_rufogularis,0,0,131.75,3.5,1,1,110.11,12.95,1,3,0,0,0
Garrulax_ocellatus,Garrulax_ocellatus,1,0,316.75,1,1,7,197.62,15.19,1,3,0,0,0
Garrulax_lunulatus,Garrulax_lunulatus,0,0,158,1.7,1,1,121.38,11.68,1,3,0,0,0
Garrulax_bieti,Garrulax_bieti,1,1,158,3.2,1,1,87.6,13.81,1,3,0,0,0
Garrulax_maximus,Garrulax_maximus,0,0,335.75,3.2,1,6,331.1,15.12,1,3,0,0,0
Garrulax_caerulatus,Garrulax_caerulatus,0,0,163,1.5,1,1,159.11,12.16,1,3,0,0,0
Garrulax_poecilorhynchus,Garrulax_poecilorhynchus,0,0,161.15,2,1,1,118.88,15.83,1,3,0,0,0
Garrulax_merulinus,Garrulax_merulinus,0,0,116.75,1.5,1,1,39,11.23,1,3,0,0,0
Garrulax_canorus,Garrulax_canorus,1,0,113.5,2,1,1,323.27,13.05,1,3,0,0,2
Garrulax_taewanus,Garrulax_taewanus,1,1,115,2,1,1,3.61,10.98,1,3,0,0,0
Garrulax_sannio,Garrulax_sannio,0,0,112.15,2,1,9,236.61,13.25,1,3,1,0,1
Trochalopteron_lineatum,Garrulax_lineatus,0,0,189,3,1,1,110.11,10.23,1,3,1,1,0
Trochalopteron_subunicolor,Garrulax_subunicolor,0,0,133.75,3.5,1,5,159.11,11.1,1,3,2,0,0
Trochalopteron_squamatum,Garrulax_squamatus,0,0,112.75,1.5,1,1,39,11.59,1,3,1,0,0
Trochalopteron_elliotii,Garrulax_elliotii,0,0,127.5,1.5,1,6,215.71,12.6,1,3,0,0,0
Trochalopteron_variegatum,Garrulax_variegatus,0,0,120.5,3,1,1,110.11,13.31,1,3,0,0,0
Trochalopteron_henrici,Garrulax_henrici,0,0,157.5,1,1,1,110.11,12.87,1,3,1,0,0
Trochalopteron_affine,Garrulax_affinis,0,0,155.5,1.5,1,6,161.23,12.19,1,3,1,0,0
Trochalopteron_morrisonianus,Garrulax_morrisonianus,0,0,165,1,1,1,3.61,13.61,1,3,1,0,0
Trochalopteron_erythrocephalum,Garrulax_erythrocephalus,0,0,166,1.5,1,1,159.11,11.66,1,3,1,0,0
Trochalopteron_formosum,Garrulax_formosus,0,0,153,1.7,1,1,87.6,13.36,1,3,1,0,0
Trochalopteron_milnei,Garrulax_milnei,0,0,126.5,1,1,1,118.9,11.92,1,3,0,0,0
Liocichla_omeiensis,Liocichla_omeiensis,1,1,178,3,1,1,87.6,13.21,1,3,0,0,2
Liocichla_bugunorum,Liocichla_bugunorum,1,2,195,1.7,1,1,110.11,13.39,1,3,1,0,2
Liocichla_steerii,Liocichla_steerii,0,0,182.5,1.5,5,1,3.61,11.89,1,3,1,0,0
Liocichla_phoenicea,Liocichla_phoenicea,1,0,113,1.5,1,1,39,13.5,1,3,0,0,2
Trichastoma_tickelli,Trichastoma_tickelli,1,0,132,3.5,5,1,39,11.99,1,3,0,0,0
Pellorneum_albiventre,Pellorneum_albiventre,0,0,150,3.5,5,1,61.67,10.61,1,3,0,0,0
Pellorneum_ruficeps,Pellorneum_ruficeps,0,0,159.5,3,5,3,39,11.36,1,3,1,0,0
Erythrogenys_hypoleucos,Pomatorhinus_hypoleucos,0,0,160,1.5,5,1,66.11,11.13,1,3,1,0,1
Erythrogenys_erythrocnemis,Pomatorhinus_erythrocnemis,0,0,132.15,3.5,1,3,269.07,11.83,1,3,1,0,0
Pomatorhinus_ruficollis,Pomatorhinus_ruficollis,0,0,169.5,2,1,6,255.23,12.73,1,3,1,0,1
Pomatorhinus_ochraceiceps,Pomatorhinus_ochraceiceps,0,0,115,3.5,1,1,39,15.88,1,3,0,0,0
Pomatorhinus_superciliaris,Xiphirhynchus_superciliaris,1,0,117.5,2,1,1,39,15.28,1,5,1,0,0
Rimator_malacoptilus,Rimator_malacoptilus,0,0,117.75,3.5,5,3,39,10.52,1,5,1,0,0
Turdinus_crispifrons,Gypsophila_crispifrons,0,0,181.75,3.5,1,3,39,11.18,1,5,1,0,0
Turdinus__brevicaudata,Napothera_brevicaudata,0,0,120.5,3.5,1,2,61.67,11.3,1,5,1,0,0
Napothera_epilepidota,Napothera_epilepidota,0,0,105,3.5,5,3,186.23,10.52,1,5,0,0,0
Pnoepyga_albiventer,Pnoepyga_albiventer,0,0,92.75,2,1,3,111.22,11.1,1,3,1,0,0
Pnoepyga_pusilla,Pnoepyga_pusilla,0,0,82.5,3,1,3,388.13,10.39,1,5,1,0,0
Spelaeornis_caudatus,Spelaeornis_caudatus,1,1,90,3.3,5,1,110.11,19.56,1,5,1,0,0
Spelaeornis_troglodytoides,Spelaeornis_troglodytoides,0,0,105,3.3,5,3,339.2,11.01,1,5,0,0,0
Elachura_formosa,Spelaeornis_formosus,1,0,98,3.5,5,1,61.95,13.31,1,5,0,0,0
Spelaeornis_reptatus,Spelaeornis_chocolatinus,1,1,111.5,3,5,1,87.6,11.58,1,5,1,0,0
Stachyris_humei,Sphenocichla_humei,1,1,179,3.3,5,1,39,11.71,1,5,0,0,0
Cyanoderma_pyrrhops,Stachyris_pyrrhops,0,0,100,3.3,5,1,110.11,13.9,1,3,1,0,0
Stachyris_nonggangensis,Stachyris_nonggangensis,3,1,180,3.3,5,1,13.67,11.13,1,3,1,0,0
Cyanoderma_ambiguum,Stachyris_ambigua,0,0,112.15,2,5,1,61.67,13.22,1,3,1,0,0
Cyanoderma_ruficeps,Stachyris_ruficeps,0,0,107.15,2.5,5,6,392.87,12.11,1,3,0,0,1
Cyanoderma_chrysaeum,Stachyris_chrysaea,0,0,105.75,2,5,1,159.11,12.38,1,3,1,1,0
Stachyris_nigriceps,Stachyris_nigriceps,0,0,113,2,5,2,181.89,11.71,1,3,0,0,0
Stachyris_strialata,Stachyris_strialata,0,0,151,2.1,5,1,66.11,11.12,1,3,0,0,0
Mixornis_gularis,Macronous_gularis,0,0,118.75,3.5,5,2,61.67,16.39,1,3,1,0,0
Timalia_pileata,Timalia_pileata,0,0,166.75,2,5,2,98.16,11.31,1,3,1,0,0
Chrysomma_sinense,Chrysomma_sinense,0,0,181,2,5,1,98.16,13.39,1,3,0,0,0
Moupinia_poecilotis,Chrysomma_poecilotis,0,0,138,3,5,1,87.6,11.01,1,3,1,0,0
Garrulax_lanceolatus,Babax_lanceolatus,0,0,151.75,3.5,1,1,393.22,11.52,1,3,1,0,0
Garrulax_waddelli,Babax_waddelli,1,1,315,3,1,1,110.11,12.16,1,3,1,0,0
Garrulax_koslowi,Babax_koslowi,1,1,187,3.3,1,2,189.89,13.81,1,3,1,1,0
Leiothrix_argentauris,Leiothrix_argentauris,1,0,161.5,2,1,1,100.51,15.31,1,3,1,0,2
Leiothrix_lutea,Leiothrix_lutea,0,0,120.15,3.5,1,1,250.21,13.73,1,3,1,0,2
Cutia_nipalensis,Cutia_nipalensis,0,0,176.75,3,1,1,116.21,12.28,1,3,1,0,0
Pteruthius_aeralatus,Pteruthius_flaviscapis,0,0,163.15,1.5,1,1,311.16,12.8,1,1,1,0,0
Pteruthius_xanthochlorus,Pteruthius_xanthochlorus,1,0,116.75,3.5,1,1,311.65,12.7,1,1,1,0,0
Gampsorhynchus_rufulus,Gampsorhynchus_rufulus,0,0,130.75,3,1,1,39,16.67,1,3,1,0,0
Actinodura_egertoni,Actinodura_egertoni,0,0,116,1.5,1,1,159.11,15.58,1,3,2,0,0
Actinodura_radcliffei,Actinodura_ramsayi,0,0,111.15,1.5,1,1,80.19,12.59,1,3,0,0,0
Actinodura_nipalensis,Actinodura_nipalensis,0,0,108,1.5,1,1,110.11,15.85,1,3,0,0,0
Actinodura_waldeni,Actinodura_waldeni,0,0,109.5,1.5,1,2,159.11,12.83,1,3,1,2,0
Sibia_souliei,Actinodura_souliei,0,0,113.75,1.5,1,1,87.6,12.18,1,3,1,0,0
Sibia_morrisoniana,Actinodura_morrisoniana,0,0,179.5,1.5,1,1,3.61,16.39,1,3,1,0,0
Siva_cyanouroptera,Minla_cyanouroptera,0,0,128.15,3.5,1,1,181.07,13.1,1,3,1,0,0
Chrysominla_strigula,Minla_strigula,0,0,156.5,3,1,1,107.81,12.97,1,3,0,0,0
Minla_ignotincta,Minla_ignotincta,0,0,131.15,1.5,1,2,178.53,15.66,1,3,1,0,0
Lioparus_chrysotis,Alcippe_chrysotis,0,0,103.75,3,5,2,133.99,12.99,1,3,1,0,0
Schoeniparus_variegaticeps,Alcippe_variegaticeps,1,1,100.75,3.5,5,1,71.17,16.32,1,3,1,0,0
Schoeniparus_cinereus,Alcippe_cinerea,0,0,108.75,3,1,2,159.11,12.57,1,3,0,0,0
Schoeniparus_castaneceps,Alcippe_castaneceps,0,0,105,3.5,5,3,102.59,12.93,1,3,2,0,0
Fulvetta_vinipectus,Alcippe_vinipectus,0,0,112.5,1.5,1,2,107.81,16.12,1,3,1,0,0
Fulvetta_striaticollis,Alcippe_striaticollis,0,0,131.15,3.5,1,1,311.86,15.66,1,3,1,0,0
Fulvetta_ruficapilla,Alcippe_ruficapilla,0,0,111,2,1,2,179.21,15.63,1,3,0,0,0
Fulvetta_cinereiceps,Alcippe_cinereiceps,0,0,115,5,1,6,319.28,15.22,1,3,1,0,0
Fulvetta_ludlowi,Alcippe_ludlowi,0,0,115,3.5,1,1,110.11,15.22,1,3,1,0,0
Schoeniparus_rufogularis,Alcippe_rufogularis,0,0,116,3.5,1,1,39,12.51,1,5,1,0,0
Schoeniparus_dubius,Alcippe_dubia,0,0,136,2,1,1,158.31,11.82,1,5,1,0,0
Schoeniparus_brunneus,Alcippe_brunnea,0,0,120.5,1.5,5,2,310.01,11.72,1,3,1,1,0
Alcippe_poioicephala,Alcippe_poioicephala,0,0,158.15,1.5,1,3,39,15.61,1,3,0,0,0
Alcippe_morrisonia,Alcippe_morrisonia,0,0,131.75,2,1,2,310.01,12.6,1,3,0,0,1
Alcippe_nipalensis,Alcippe_nipalensis,0,0,115,2,1,1,159.11,12.67,1,3,0,0,0
Leioptila_annectens,Heterophasia_annectens,0,0,181.15,3,1,1,39,15.12,1,3,0,0,0
Heterophasia_capistrata,Heterophasia_capistrata,0,0,103.75,1.5,1,1,110.11,17.53,1,1,0,0,0
Heterophasia_gracilis,Heterophasia_gracilis,0,0,115.75,3,1,1,39,16.2,1,1,1,0,0
Heterophasia_melanoleuca,Heterophasia_melanoleuca,0,0,119,1.5,1,1,150.07,17.39,1,1,0,0,0
Heterophasia_auricularis,Heterophasia_auricularis,0,0,116.5,1.8,1,1,3.61,19.16,1,1,0,0,0
Heterophasia_pulchella,Heterophasia_pulchella,0,0,116.75,1.8,1,1,159.11,17.08,1,1,1,1,0
Heterophasia_picaoides,Heterophasia_picaoides,0,0,191.5,1.8,1,1,39,31.65,1,1,0,0,0
Yuhina_castaniceps,Yuhina_castaniceps,0,0,118.5,3.5,1,1,168.11,15.15,1,1,0,0,0
Yuhina_bakeri,Yuhina_bakeri,0,0,118.5,3.5,1,1,159.11,12.5,1,3,0,0,0
Yuhina_flavicollis,Yuhina_flavicollis,0,0,117.75,3.5,1,1,159.11,15.18,1,5,0,2,0
Yuhina_gularis,Yuhina_gularis,0,0,125.15,3.6,1,3,118.2,15,1,3,0,2,0
Yuhina_diademata,Yuhina_diademata,0,0,165,3,1,6,198,17.11,1,3,0,0,0
Yuhina_occipitalis,Yuhina_occipitalis,0,0,117,3.6,1,1,107.81,16.9,1,3,0,2,0
Yuhina_brunneiceps,Yuhina_brunneiceps,0,0,110.75,6,1,1,3.61,16.28,1,3,0,0,0
Yuhina_nigrimenta,Yuhina_nigrimenta,0,0,113.75,3.5,1,6,320.65,15.7,1,1,0,0,0
Erpornis_zantholeuca,Erpornis_zantholeuca,0,0,112.5,1.5,1,1,132.51,19.12,1,3,0,1,1
Myzornis_pyrrhoura,Myzornis_pyrrhoura,1,0,110.75,3.6,1,1,107.81,15.63,1,3,1,0,0
Panurus_biarmicus,Panurus_biarmicus,0,0,161.5,5.5,1,8,289.12,15.61,1,3,0,0,1
Conostoma_aemodium,Conostoma_aemodium,0,0,171.5,1.5,1,6,181.01,15.91,1,3,0,0,0
Cholornis_unicolor,Paradoxornis_unicolor,0,0,102,3.3,1,2,116.06,16.3,1,3,0,1,0
Psittiparus_gularis,Paradoxornis_gularis,0,0,171.5,3,1,1,161.32,16.23,1,3,0,0,1
Cholornis_paradoxus,Paradoxornis_paradoxus,1,0,191.5,3.3,1,1,111.79,18.12,1,3,0,2,0
Paradoxornis_guttaticollis,Paradoxornis_guttaticollis,0,0,191,1.5,1,2,138.55,16.67,1,3,0,0,0
Sinosuthora_conspicillata,Paradoxornis_conspicillatus,1,0,116.5,3.3,1,6,117.69,15.82,1,3,0,0,0
Sinosuthora_webbiana,Paradoxornis_webbianus,0,0,112.15,2.5,1,3,261.21,11.28,1,3,0,0,1
Sinosuthora_alphonsiana,Paradoxornis_alphonsianus,0,0,117.5,3.3,1,5,105.11,13.18,1,3,0,2,0
Sinosuthora_brunnea,Paradoxornis_brunneus,0,0,117.75,3,1,1,87.6,13.37,1,3,0,0,0
Sinosuthora_zappeyi,Paradoxornis_zappeyi,1,1,112.5,3.3,1,1,66.11,15.71,1,3,0,2,0
Sinosuthora_przewalskii,Paradoxornis_przewalskii,3,1,137.5,1,5,1,93.97,16.11,1,3,0,2,0
Suthora_fulvifrons,Paradoxornis_fulvifrons,0,0,112.75,3.3,1,6,118.2,17.59,1,3,0,2,0
Suthora_verreauxi,Paradoxornis_verreauxi,1,0,99.15,3.3,1,1,128.16,15.87,1,3,0,2,0
Neosuthora_davidiana,Paradoxornis_davidianus,1,0,95.5,3.3,1,3,33.58,15.05,1,3,0,2,0
Chleuasicus_atrosuperciliaris,Paradoxornis_atrosuperciliaris,0,0,127.5,3.3,1,1,39,10.7,1,3,0,2,0
Psittiparus_bakeri,Paradoxornis_bakeri,0,0,166.5,3,1,1,159.11,16.11,1,3,0,2,0
Paradoxornis_heudei,Paradoxornis_heudei,1,1,161,5,5,3,189.7,11.58,1,3,0,2,0
Cisticola_juncidis,Cisticola_juncidis,0,0,101.5,2.5,1,5,215.71,13.89,1,3,0,2,0
Cisticola_exilis,Cisticola_exilis,0,0,102.5,2.5,5,5,113.16,13.32,1,5,0,2,0
Rhopophilus_pekinensis,Rhopophilus_pekinensis,0,0,178.5,2.5,1,1,519.99,13.98,1,3,0,2,0
Prinia_crinigera,Prinia_crinigera,0,0,127.5,5,5,9,262.3,10.86,1,3,0,2,0
Prinia_polychroa,Prinia_polychroa,0,0,136.75,2,5,1,39,11.86,1,3,0,2,0
Prinia_atrogularis,Prinia_atrogularis,0,0,157.75,2,5,2,179.28,11.53,1,3,0,2,0
Prinia_rufescens,Prinia_rufescens,0,0,110,2,5,3,100.87,11.01,1,3,0,0,0
Prinia_hodgsonii,Prinia_hodgsonii,0,0,108,3.5,5,6,129.11,12.08,1,3,0,2,0
Prinia_flaviventris,Prinia_flaviventris,0,0,117.75,2.5,1,3,118.28,11.16,1,3,0,2,0
Prinia_inornata,Prinia_inornata,0,0,131,5,5,1,180.87,11.19,1,3,0,0,0
Cettia_castaneocoronata,Tesia_castaneocoronata,0,0,87.75,1.5,1,2,129.11,15.38,1,1,0,2,0
Tesia_olivea,Tesia_olivea,0,0,90.5,1,1,1,105.11,15,1,3,1,0,0
Tesia_cyaniventer,Tesia_cyaniventer,0,0,90.75,3.5,1,5,181.89,13.22,1,3,0,0,0
Urosphena_squameiceps,Urosphena_squameiceps,0,0,91.15,6,5,2,317.82,12.39,1,3,0,0,0
Horornis_canturians,Cettia_canturians,0,0,165,2.1,5,2,362.91,18.61,1,3,1,1,0
Hemitesia_pallidipes,Cettia_pallidipes,0,0,118,3.5,5,1,39,12.01,1,3,1,0,0
Horornis_diphone,Cettia_diphone,0,0,160.75,2.5,5,8,158.22,13.11,1,3,0,2,0
Horornis_fortipes,Cettia_fortipes,0,0,112,2,5,8,263.17,12.17,1,3,0,2,0
Cettia_major,Cettia_major,0,0,117.5,2.1,5,1,107.81,17.08,1,3,0,2,0
Horornis_flavolivaceus,Cettia_flavolivacea,0,0,110.15,3.5,5,6,122.07,13.91,1,3,0,2,0
Horornis_acanthizoides,Cettia_acanthizoides,0,0,108.75,2,5,6,360.17,17.87,1,3,0,2,0
Cettia_brunnifrons,Cettia_brunnifrons,0,0,106,2,5,2,107.81,11.31,1,3,1,2,0
Cettia_cetti,Cettia_cetti,0,0,135,2,5,1,166,18.21,1,3,1,2,0
Locustella_thoracica,Bradypterus_thoracicus,0,0,116.75,2.5,5,10,611.12,12.09,1,3,0,2,0
Locustella_major,Bradypterus_major,1,1,135,3,5,3,186.11,15.73,1,3,0,2,0
Locustella_tacsanowskia,Bradypterus_tacsanowskius,0,0,111.5,5,5,6,270.11,15.82,1,5,0,2,0
Locustella_mandelli,Bradypterus_mandelli,0,0,130,1,5,2,187.03,11.97,1,5,0,0,0
Locustella_alishanensis,Bradypterus_alishanensis,0,0,130,3.7,5,1,3.61,12.99,1,3,0,2,0
Locustella_luteoventris,Bradypterus_luteoventris,0,0,118.15,2,5,6,276.39,11.83,1,3,0,2,0
Locustella_lanceolata,Locustella_lanceolata,1,0,130,2,5,7,555.21,13.81,1,5,0,2,0
Locustella_naevia,Locustella_naevia,0,0,132.75,5.5,5,5,166,13.03,1,5,1,2,0
Helopsaltes_certhiola,Locustella_certhiola,0,0,129,5,5,2,686.87,15.63,1,5,1,2,0
Helopsaltes_ochotensis,Locustella_ochotensis,0,0,129,5.5,5,6,118.05,15.7,1,5,1,1,0
Helopsaltes_pleskei,Locustella_pleskei,1,1,150,2,5,1,82.26,16.13,1,3,0,2,0
Locustella_luscinioides,Locustella_luscinioides,0,0,120,2.5,5,7,166,17.61,1,5,0,2,0
Helopsaltes_fasciolata,Locustella_fasciolata,0,0,172,2,5,6,171.18,16.08,1,3,0,2,0
Acrocephalus_schoenobaenus,Acrocephalus_schoenobaenus,0,0,137.5,5,5,8,166,18.96,1,3,0,2,0
Acrocephalus_sorghophilus,Acrocephalus_sorghophilus,3,3,119,2.8,5,1,121.89,16.93,1,3,1,2,0
Acrocephalus_bistrigiceps,Acrocephalus_bistrigiceps,0,0,111.5,5,5,2,221.11,12.63,1,3,0,2,0
Acrocephalus_agricola,Acrocephalus_agricola,0,0,117.15,2.5,5,7,166,12.37,1,3,0,2,0
Acrocephalus_tangorum,Acrocephalus_tangorum,1,1,117.15,2.8,5,1,137.2,12.37,1,3,0,2,0
Acrocephalus_concinens,Acrocephalus_concinens,0,0,113.5,3.5,5,3,212.11,15.12,1,3,0,2,0
Acrocephalus_scirpaceus,Acrocephalus_scirpaceus,0,0,130,5.5,5,2,105,31.81,1,3,0,1,0
Acrocephalus_dumetorum,Acrocephalus_dumetorum,0,0,121,5,5,10,166.11,17.11,1,3,0,1,0
Acrocephalus_arundinaceus,Acrocephalus_arundinaceus,0,0,180,2.5,5,3,150.37,30.83,1,3,1,1,0
Acrocephalus_stentoreus,Acrocephalus_stentoreus,0,0,189.5,2.5,5,3,115.22,18.16,1,3,1,2,0
Arundinax_aedon,Acrocephalus_aedon,0,0,181.75,5.5,5,2,613.27,16.51,1,3,1,2,0
Iduna_caligata,Hippolais_caligata,0,0,112.5,5,5,3,166,19.76,1,5,1,2,0
Iduna_rama,Hippolais_rama,0,0,111.5,5,5,3,166,18.91,1,3,0,2,0
Iduna_pallida,Hippolais_pallida,0,0,121.5,2,5,8,166,18.6,1,3,0,2,0
Phyllergates_cucullatus,Orthotomus_cuculatus,0,0,111,3.5,5,1,105.36,12.57,1,3,0,2,0
Orthotomus_sutorius,Orthotomus_sutorius,0,0,107,2,5,6,171.2,11.65,1,3,0,2,0
Orthotomus_atrogularis,Orthotomus_atrogularis,0,0,111.15,2,5,2,39,13.37,1,3,0,2,0
Leptopoecile_sophiae,Leptopoecile_sophiae,0,0,106.15,5,5,8,229.86,15.8,1,3,1,2,0
Leptopoecile_elegans,Leptopoecile_elegans,1,0,98.15,5,5,6,227.8,18.61,1,3,0,2,0
Phylloscopus_collybita,Phylloscopus_collybita,0,0,115,5.5,5,7,189.95,30.85,1,3,0,2,0
Phylloscopus_sindianus,Phylloscopus_sindianus,0,0,111.15,5.5,5,1,186.11,19.01,1,5,1,2,0
Phylloscopus_sibilatrix,Phylloscopus_sibilatrix,0,0,131,6,5,3,186.11,32.2,1,5,1,1,0
Phylloscopus_fuscatus,Phylloscopus_fuscatus,0,0,110,5,5,9,961.58,17.88,1,3,1,0,0
Phylloscopus_fuligiventer,Phylloscopus_fuligiventer,0,0,110,3,5,3,110.11,16.91,1,3,0,0,0
Phylloscopus_affinis,Phylloscopus_affinis,0,0,105,2,5,6,683.91,17.33,1,3,0,0,0
Phylloscopus_subaffinis,Phylloscopus_subaffinis,0,0,95.15,2,5,8,528.87,17.28,1,3,0,2,0
Phylloscopus_griseolus,Phylloscopus_griseolus,0,0,111.5,2.5,5,2,353.97,18.12,1,3,0,0,0
Phylloscopus_armandii,Phylloscopus_armandii,0,0,112,5,5,6,609.98,16.93,1,1,0,0,0
Phylloscopus_schwarzi,Phylloscopus_schwarzi,0,0,116.75,5,5,7,766.05,17.01,1,3,0,2,0
Phylloscopus_pulcher,Phylloscopus_pulcher,0,0,103.15,3.5,5,6,323.22,31.51,1,1,0,2,0
Phylloscopus_maculipennis,Phylloscopus_maculipennis,0,0,89.75,2.7,5,3,107.81,30.13,1,3,0,2,0
Phylloscopus_chloronotus,Phylloscopus_chloronotus,0,0,90,3.5,5,1,159.11,19.63,1,1,0,2,0
Phylloscopus_forresti,Phylloscopus_forresti,0,0,111,2,5,3,323.22,35.15,1,5,0,2,0
Phylloscopus_proregulus,Phylloscopus_proregulus,0,0,92.15,5.5,5,8,821.36,18.01,1,1,0,2,0
Phylloscopus_kansuensis,Phylloscopus_kansuensis,0,0,95,2.7,5,3,115.02,18.01,1,3,1,1,0
Phylloscopus_yunnanensis,Phylloscopus_yunnanensis,0,0,95,2,5,6,318.92,35.15,1,3,1,0,0
Phylloscopus_inornatus,Phylloscopus_inornatus,0,0,97.75,5.5,5,8,796.58,17.97,1,5,0,2,1
Phylloscopus_humei,Phylloscopus_humei,0,0,98.5,2.5,5,3,231.05,19.99,1,3,0,1,0
Phylloscopus_borealis,Phylloscopus_borealis,0,0,119,5.5,5,1,959.02,30.65,1,5,0,1,0
Phylloscopus_trochiloides,Phylloscopus_trochiloides,0,0,110.5,5.5,5,6,538.11,19.77,1,5,1,2,0
Phylloscopus_tenellipes,Phylloscopus_tenellipes,0,0,115.75,5,5,1,387.5,17.01,1,5,1,2,0
Phylloscopus_borealoides,Phylloscopus_borealoides,0,0,115,5,5,1,12.91,17.68,1,3,1,1,0
Phylloscopus_magnirostris,Phylloscopus_magnirostris,0,0,110.75,2,5,3,370.17,31.16,1,5,1,1,0
Phylloscopus_coronatus,Phylloscopus_coronatus,0,0,117.75,5.5,5,6,596.51,19.62,1,5,1,0,0
Phylloscopus_ijimae,Phylloscopus_ijimae,1,1,117.75,2.7,5,1,3.61,19.62,1,3,1,0,0
Phylloscopus_reguloides,Phylloscopus_reguloides,0,0,106,2.5,5,6,220.81,19.75,1,5,1,0,0
Phylloscopus_hainanus,Phylloscopus_hainanus,1,1,90,2.7,5,1,3.52,18.17,0,1,1,0,0
Phylloscopus_emeiensis,Phylloscopus_emeiensis,0,0,105,2.7,5,1,108.18,19.15,1,3,1,0,0
Phylloscopus_intensior,Phylloscopus_davisoni,0,0,101.5,3.5,5,1,11.2,18.13,1,5,1,0,0
Phylloscopus_cantator,Phylloscopus_cantator,0,0,105,6,5,1,39,30.1,1,5,1,0,0
Phylloscopus_ricketti,Phylloscopus_ricketti,0,0,101.15,6,5,1,179.99,18.7,1,5,1,1,0
Phylloscopus_burkii,Seicercus_burkii,0,0,103,3.5,5,2,110.11,16.95,1,4,1,2,0
Phylloscopus_tephrocephalus,Seicercus_tephrocephalus,0,0,105,2.1,5,2,116.77,16.95,1,3,1,0,0
Phylloscopus_whistleri,Seicercus_whistleri,0,0,115,2.1,5,1,110.11,16.95,1,3,1,1,0
Phylloscopus_valentini,Seicercus_valentini,0,0,115,2.1,5,2,191.96,16.95,1,3,0,0,0
Phylloscopus_omeiensis,Seicercus_omeiensis,0,0,115,2.1,5,2,112.55,16.95,1,3,1,1,0
Phylloscopus_soror,Seicercus_soror,0,0,115,2.1,5,5,171.7,16.95,1,3,1,0,0
Phylloscopus_xanthoschistos,Phylloscopus_xanthoschistos,0,0,102,2,5,1,110.11,17.15,1,5,1,0,0
Phylloscopus_intermedius,Seicercus_affinis,0,0,105,2.5,5,1,119.95,18.69,1,5,1,0,0
Phylloscopus_poliogenys,Seicercus_poliogenys,0,0,100,2,5,1,159.11,16.61,1,5,0,0,0
Phylloscopus_castaniceps,Seicercus_castaniceps,0,0,86.75,2.5,5,6,210.79,17.61,1,5,1,1,0
Abroscopus_albogularis,Abroscopus_albogularis,0,0,92.5,2.5,5,2,336.83,16.06,0,1,0,0,1
Abroscopus_superciliaris,Abroscopus_superciliaris,0,0,100,2,5,2,159.11,12.5,0,1,0,0,0
Abroscopus_schisticeps,Abroscopus_schisticeps,0,0,101,2.5,5,2,107.81,16.91,0,1,0,0,0
Tickellia_hodgsoni,Tickellia_hodgsoni,0,0,100,3,5,2,159.11,16.12,1,3,0,0,0
Helopsaltes_pryeri,Locustella_pryeri,1,1,135,5.5,5,3,165.22,13.36,1,5,1,0,0
Megalurus_palustris,Megalurus_palustris,0,0,129.5,2,5,7,100.51,15.3,1,5,1,0,0
Graminicola_bengalensis,Graminicola_bengalensis,1,1,165,3.5,5,2,25.18,11.19,1,5,1,0,0
Sylvia_communis,Sylvia_communis,0,0,121.5,5,1,3,166,19.11,1,3,1,0,0
Sylvia_curruca,Sylvia_curruca,0,0,112,5,1,9,582.17,17.23,1,3,1,0,0
Sylvia_althaea,Sylvia_althaea,0,0,130,5,1,3,166,16.55,1,3,1,0,0
Sylvia_curruca,Sylvia_minula,0,0,111.15,5,5,5,205.98,18.09,1,3,0,1,0
Sylvia_nana,Sylvia_nana,0,0,117.15,2.5,5,1,182.3,18.17,1,3,0,0,0
Sylvia_nisoria,Sylvia_nisoria,0,0,159.5,5,1,1,166,19.16,1,3,0,0,0
Regulus_regulus,Regulus_regulus,0,0,91.75,9.5,5,2,851.59,30.03,1,1,0,0,0
Regulus_goodfellowi,Regulus_goodfellowi,0,0,91.15,9.5,5,1,3.61,18.03,1,1,0,0,0
Zosterops_erythropleurus,Zosterops_erythropleurus,0,0,110.75,2,5,5,719.75,18.01,1,3,0,0,0
Zosterops_palpebrosus,Zosterops_palpebrosus,0,0,101.15,3,1,6,129.11,15.01,1,3,0,0,0
Zosterops_simplex,Zosterops_japonicus,0,0,103.15,3,1,3,532.01,12.18,1,3,0,0,1
Remiz_coronatus,Remiz_coronatus,0,0,105,7.5,1,3,171.62,15.71,0,1,0,1,0
Remiz_consobrinus,Remiz_consobrinus,0,0,106,7.5,1,3,392.31,16.12,0,1,0,0,0
Cephalopyrus_flammiceps,Cephalopyrus_flammiceps,0,0,92.5,2,1,3,198.03,19.81,0,1,1,0,0
Aegithalos_caudatus,Aegithalos_caudatus,0,0,127,10.5,5,2,738.5,30.17,1,1,0,0,0
Aegithalos_concinnus,Aegithalos_concinnus,0,0,100.75,6.5,5,9,262.2,15.91,1,1,1,0,0
Aegithalos_iouschistos,Aegithalos_iouschistos,0,0,106.5,5,1,1,110.11,19.11,1,1,0,0,0
Aegithalos_fuliginosus,Aegithalos_fuliginosus,0,0,106.75,6.6,1,1,128.01,19.67,1,5,0,0,0
Poecile_palustris,Parus_palustris,0,0,117,8,5,6,768.3,18.5,0,1,0,0,1
Poecile_montanus,Parus_montanus,0,0,117,8,5,1,365.12,18.22,0,1,0,0,0
Poecile_superciliosus,Parus_superciliosus,1,0,115.5,6.1,5,8,183.86,18.18,0,1,0,0,0
Poecile_davidi,Parus_davidi,0,0,111,6.1,1,1,133.12,19.13,0,1,0,0,0
Periparus_ater,Parus_ater,0,0,105.75,9.5,5,8,773.91,18.89,0,1,0,0,0
Periparus_rufonuchalis,Parus_rufonuchalis,0,0,118.5,2,1,1,186.11,31.15,1,5,0,0,0
Periparus_rubidiventris,Parus_rubidiventris,0,0,105.75,6,1,6,323.22,19.92,0,1,0,0,0
Pardaliparus_venustulus,Parus_venustulus,0,0,96,6,1,3,238.15,17.81,0,1,1,0,0
Lophophanes_dichrous,Parus_dichrous,0,0,112,5,1,6,323.22,30.58,0,1,0,0,0
Parus_major,Parus_major,0,0,132.15,7.5,5,2,925.88,17.79,0,1,0,0,1
Parus_monticolus,Parus_monticolus,0,0,111.15,5,5,8,329.66,18.11,0,1,1,0,0
Machlolophus_xanthogenys,Parus_xanthogenys,0,0,135,5,5,1,110.11,17.61,0,1,1,0,0
Machlolophus_spilonotus,Parus_spilonotus,0,0,131.15,5,1,1,331.22,18.33,0,1,1,0,0
Machlolophus_holsti,Parus_holsti,0,1,115,3.5,5,1,3.61,19.68,0,1,1,0,1
Cyanistes_cyanus,Parus_cyanus,0,0,112.5,7,5,6,331.6,18.18,0,1,1,1,0
Sittiparus_varius,Parus_varius,1,0,119.15,7,1,1,51.96,19.56,0,1,2,1,0
Pseudopodoces_humilis,Pseudopodoces_humilis,0,0,152,5,5,1,256.5,16.11,0,1,1,0,0
Sylviparus_modestus,Sylviparus_modestus,0,0,93,6.1,1,2,178.1,18.83,0,1,1,0,0
Sitta_cinnamoventris,Sitta_castanea,0,0,123.5,6,5,1,39,19.65,0,1,1,0,0
Sitta_europaea,Sitta_europaea,0,0,133.75,8.5,5,2,751.33,30.15,0,1,1,0,0
Sitta_nagaensis,Sitta_nagaensis,0,0,111.75,6,5,1,152.53,19.81,0,1,1,0,0
Sitta_himalayensis,Sitta_himalayensis,1,0,116.15,5,5,1,159.11,19.2,0,1,1,0,0
Sitta_villosa,Sitta_villosa,1,0,106.5,5.5,5,1,160.59,31.3,0,1,1,0,0
Sitta_yunnanensis,Sitta_yunnanensis,1,1,107.15,3.5,5,1,115.22,30.58,0,1,1,0,0
Sitta_leucopsis,Sitta_leucopsis,1,0,118.5,6.5,5,3,311.86,31.13,0,1,0,0,0
Sitta_solangiae,Sitta_solangiae,1,1,116.75,5.2,5,1,3.52,30.83,0,1,1,0,0
Sitta_magna,Sitta_magna,3,3,179.15,3,5,1,105.11,33.27,0,1,1,0,0
Sitta_formosa,Sitta_formosa,3,1,169,5,5,1,39,31.95,0,1,1,0,0
Tichodroma_muraria,Tichodroma_muraria,0,0,151,2.5,5,2,833.87,37.69,0,1,1,0,0
Certhia_familiaris,Certhia_familiaris,0,0,112.15,5,5,1,619.39,31.28,0,1,1,2,0
Certhia_tianquanensis,Certhia_tianquanensis,1,1,112.15,2.3,5,1,69.18,31.28,0,1,1,2,0
Certhia_himalayana,Certhia_himalayana,0,0,138.5,5,5,3,191.39,31.7,0,1,2,0,0
Certhia_nipalensis,Certhia_nipalensis,0,0,128,3,5,1,159.11,31.19,0,1,1,1,0
Certhia_discolor,Certhia_discolor,0,0,126,2,5,1,159.11,30.52,0,1,1,1,0
Dicaeum_agile,Dicaeum_agile,0,0,105.35,3,1,1,39,19.5,0,1,1,2,0
Dicaeum_chrysorrheum,Dicaeum_chrysorrheum,0,0,106.75,1.5,1,1,61.67,17.72,0,1,0,0,0
Dicaeum_melanozanthum,Dicaeum_melanozanthum,0,0,111,3,1,1,107.81,18.87,0,1,1,0,0
Dicaeum_minullum,Dicaeum_concolor,0,0,75.5,1.5,1,1,111.62,12.17,0,1,0,0,0
Dicaeum_ignipectus,Dicaeum_ignipectus,0,0,79.75,1.5,1,3,219.71,13.75,0,1,0,2,0
Dicaeum_cruentatum,Dicaeum_cruentatum,0,0,88.15,1.5,1,2,116.91,12.57,0,1,0,0,0
Chalcoparia_singalensis,Anthreptes_singalensis,0,0,109.5,1.5,2,1,39,16.11,1,1,1,0,0
Anthreptes_malacensis,Anthreptes_malacensis,0,0,135,1,2,2,39,18.88,1,1,0,0,0
Kurochkinegramma_hypogrammica,Hypogramma_hypogrammicum,0,0,120.15,1,2,3,39,18.69,1,1,0,0,0
Cinnyris_asiaticus,Nectarinia_asiatica,0,0,108.5,1.5,2,1,39,18.03,1,1,0,0,0
Cinnyris_jugularis,Nectarinia_jugularis,0,0,105.75,3,2,1,82.19,15.93,1,1,1,0,0
Aethopyga_gouldiae,Aethopyga_gouldiae,0,0,113.15,1.5,2,9,363.07,16.87,1,3,1,2,0
Aethopyga_nipalensis,Aethopyga_nipalensis,0,0,111.75,1.5,2,1,107.81,16.79,1,1,1,1,0
Aethopyga_latouchii,Aethopyga_christinae,0,0,92.75,1.5,2,5,136.17,15.25,1,1,0,0,1
Aethopyga_saturata,Aethopyga_saturata,0,0,118.15,1.5,2,2,100.51,16.99,1,1,1,0,0
Aethopyga_siparaja,Aethopyga_siparaja,0,0,111.75,1.5,2,3,80.62,17.39,1,1,0,0,0
Aethopyga_ignicauda,Aethopyga_ignicauda,0,0,128.15,1.5,2,2,159.11,17.5,1,1,0,1,0
Arachnothera_longirostra,Arachnothera_longirostra,0,0,122.15,1,5,1,39,17.81,1,1,1,0,0
Arachnothera_magna,Arachnothera_magna,0,0,182.75,1.5,1,1,100.51,16.87,1,1,0,0,0
Passer_ammodendri,Passer_ammodendri,0,0,155,5,1,1,336.31,12.12,0,1,1,1,0
Passer_domesticus,Passer_domesticus,0,0,122.75,6,1,11,251.81,15.28,0,1,1,2,0
Passer_hispaniolensis,Passer_hispaniolensis,0,0,121.5,6,1,1,166,15.38,0,1,1,0,0
Passer_cinnamomeus,Passer_rutilans,0,0,117.75,5,1,6,593.9,15.15,0,1,1,0,0
Passer_montanus,Passer_montanus,0,0,131,5.5,1,1,961.58,12.7,0,1,1,0,1
Petronia_petronia,Petronia_petronia,0,0,125,5.5,1,1,576.22,30.98,0,1,1,2,0
Montifringilla_nivalis,Montifringilla_nivalis,0,0,156,2.5,1,2,186.11,32.03,0,1,1,1,0
Montifringilla_adamsi,Montifringilla_adamsi,0,0,160,3.5,1,1,229.86,35.69,0,1,1,1,0
Onychostruthus_taczanowskii,Montifringilla_taczanowskii,0,0,152.15,5,1,5,183.86,31.88,0,1,1,0,0
Pyrgilauda_davidiana,Montifringilla_davidiana,0,0,115,5.5,1,3,139.98,31.53,0,1,0,1,0
Pyrgilauda_ruficollis,Montifringilla_ruficollis,0,0,121.15,2.6,1,3,229.86,30.33,0,1,1,0,0
Pyrgilauda_blanfordi,Montifringilla_blanfordi,0,0,117.75,2.6,1,1,355.89,30.81,0,5,1,0,0
Ploceus_manyar,Ploceus_manyar,0,0,125,1,1,1,39,15.86,1,5,1,0,0
Ploceus_philippinus,Ploceus_philippinus,0,0,122.75,3,1,1,39,12.79,1,1,1,0,0
Euodice_malabarica,Lonchura_malabarica,0,0,100,5,1,2,3.61,13.61,1,1,1,0,0
Lonchura_striata,Lonchura_striata,0,0,111.5,5,1,8,211.58,11.35,1,1,1,0,1
Lonchura_punctulata,Lonchura_punctulata,0,0,111,6,1,2,385.3,11.26,1,3,1,2,1
Lonchura_atricapilla,Lonchura_malacca,0,0,106.75,5.5,1,3,62.13,11.98,1,3,1,1,0
Padda_oryzivora,Padda_oryzivora,1,1,135,5.5,1,3,79.1,11.71,1,3,1,2,2
Fringilla_coelebs,Fringilla_coelebs,0,0,129.75,5.5,1,8,201.53,31.56,1,1,1,2,0
Fringilla_montifringilla,Fringilla_montifringilla,0,0,150.75,6,1,9,761.51,31.01,1,1,0,0,0
Leucosticte_nemoricola,Leucosticte_nemoricola,0,0,155.15,2.5,1,3,635.98,32.79,0,1,0,1,0
Leucosticte_brandti,Leucosticte_brandti,0,0,173.15,3.5,1,3,288.86,36.83,1,5,0,0,0
Leucosticte_arctoa,Leucosticte_arctoa,0,0,165.15,3.5,1,2,385.66,32.32,1,5,1,0,0
Pinicola_enucleator,Pinicola_enucleator,0,0,102.75,2,1,2,127.72,17.95,1,1,1,2,0
Carpodacus_subhimachalus,Pinicola_subhimachala,0,0,187,2.1,1,2,116.06,17.16,1,1,1,1,0
Agraphospiza_rubescens,Carpodacus_rubescens,0,0,123.75,2.1,1,6,181.01,19.5,1,1,1,1,0
Procarduelis_nipalensis,Carpodacus_nipalensis,0,0,126.75,3.5,1,6,161.23,30.25,1,1,1,0,0
Carpodacus_erythrinus,Carpodacus_erythrinus,0,0,125,2.5,1,2,959.02,17.67,1,3,0,0,0
Carpodacus_pulcherrimus,Carpodacus_pulcherrimus,0,0,123.5,2.5,1,7,505.77,18.62,1,3,1,1,0
Carpodacus_waltoni,Carpodacus_eos,0,0,136.15,2.1,1,5,177.29,17.81,1,3,0,2,0
Carpodacus_rodochroa,Carpodacus_rodochroa,0,0,138.15,2.5,1,2,159.11,15.56,1,3,1,2,0
Carpodacus_vinaceus,Carpodacus_vinaceus,0,0,120.15,2.1,1,1,119.22,12.93,1,3,1,1,0
Carpodacus_edwardsii,Carpodacus_edwardsii,0,0,158.15,2,1,6,161.23,15.18,1,3,1,0,0
Carpodacus_stoliczkae,Carpodacus_synoicus,0,0,121,5,1,3,181.02,31.73,1,3,1,1,0
Carpodacus_roseus,Carpodacus_roseus,0,0,159.5,2.1,1,6,616.16,19.1,1,1,1,1,1
Carpodacus_trifasciatus,Carpodacus_trifasciatus,0,0,180,2.1,1,5,173.77,18.57,1,1,1,2,0
Carpodacus_rodopeplus,Carpodacus_rodopeplus,0,0,126.5,2,1,3,107.81,17.09,1,1,1,2,0
Carpodacus_thura,Carpodacus_thura,0,0,168.15,2,1,8,227.8,16.68,1,3,1,2,0
Carpodacus_rhodochlamys,Carpodacus_rhodochlamys,0,0,186,2,1,1,166,15.99,1,3,1,2,0
Carpodacus_rubicilloides,Carpodacus_rubicilloides,1,0,185.5,2,1,8,607.16,30.15,1,3,1,1,0
Carpodacus_rubicilla,Carpodacus_rubicilla,0,0,185.75,2.5,1,3,201.16,31.81,0,1,1,2,0
Carpodacus_puniceus,Carpodacus_puniceus,0,0,103.15,1,1,1,509.22,19.3,1,3,1,2,0
Carpodacus_roborowskii,Carpodacus_roborowskii,1,0,168,2.1,1,1,69.67,38.52,1,3,1,2,0
Loxia_curvirostra,Loxia_curvirostra,0,0,159.5,2,1,1,796,17.85,1,1,1,2,0
Loxia_leucoptera,Loxia_leucoptera,0,0,160.15,2,1,1,119.66,19.19,1,1,1,2,0
Chloris_spinoides,Carduelis_spinoides,0,0,133.5,2,1,2,159.11,16.89,1,1,1,2,0
Chloris_chloris,Carduelis_chloris,0,0,126.5,2.5,1,5,166,30.89,1,1,1,2,0
Chloris_ambigua,Carduelis_ambigua,0,0,119,2,1,2,318.78,19.95,1,1,1,2,0
Acanthis_flammea,Carduelis_flammea,0,0,131.15,5,1,6,282.85,30.51,1,3,1,2,0
Spinus_spinus,Carduelis_spinus,0,0,112,5.5,1,8,796.71,30.6,1,1,1,2,1
Spinus_thibetanus,Serinus_thibetanus,1,0,109.15,2.1,1,1,373.81,30.58,1,3,1,2,0
Carduelis_caniceps,Carduelis_carduelis,0,0,130.75,2,1,7,331.59,30.28,1,1,1,2,1
Chloris_sinica,Carduelis_sinica,0,0,130,2.5,1,8,671.81,19.55,1,3,1,1,1
Linaria_flavirostris,Carduelis_flavirostris,0,0,132,5,1,6,572.8,31.98,1,3,2,2,0
Linaria_cannabina,Carduelis_cannabina,0,0,126.15,5,1,1,166,31.31,1,3,1,2,0
Serinus_pusillus,Serinus_pusillus,0,0,119.15,2,1,5,186.11,31.62,1,3,1,2,0
Pyrrhula_nipalensis,Pyrrhula_nipalensis,0,0,167.15,2,1,6,130.28,19.67,1,3,1,2,0
Pyrrhula_erythrocephala,Pyrrhula_erythrocephala,0,0,126,3.5,1,1,110.11,17.58,1,3,1,2,0
Pyrrhula_erythaca,Pyrrhula_erythaca,0,0,129,3,1,3,229.2,19.33,1,3,1,0,0
Pyrrhula_pyrrhula,Pyrrhula_pyrrhula,0,0,165,5,1,2,382.01,30.53,1,3,0,2,0
Coccothraustes_coccothraustes,Coccothraustes_coccothraustes,0,0,172.15,2.5,1,11,799.81,18.11,1,1,0,2,1
Eophona_migratoria,Eophona_migratoria,0,0,188.5,2.5,1,7,596.51,17.67,1,1,0,2,0
Eophona_personata,Eophona_personata,1,0,113.5,3.5,1,6,596.51,16.51,1,1,1,2,1
Mycerobas_affinis,Mycerobas_affinis,0,0,119,2.1,1,6,153.19,30.72,1,3,0,2,0
Mycerobas_melanozanthos,Mycerobas_melanozanthos,0,0,112.75,1.5,1,6,153.19,30.66,1,1,1,2,0
Mycerobas_carnipes,Mycerobas_carnipes,0,0,116.5,2,1,3,621.61,30.18,1,3,1,2,0
Pyrrhoplectes_epauletta,Pyrrhoplectes_epauletta,0,0,126.5,2.1,1,6,153.19,18.32,1,3,1,1,0
Rhodopechys_sanguineus,Rhodopechys_sanguineus,0,0,167.5,2.5,1,3,166,30.72,0,5,1,1,0
Bucanetes_mongolicus,Eremopsaltria_mongolicus,0,0,115.5,2,1,2,271.16,31.56,1,5,1,2,0
Carpodacus_sibiricus,Uragus_sibiricus,0,0,150.5,5,1,1,768.81,15.51,1,3,1,2,0
Carpodacus_sipahi,Haematospiza_sipahi,0,0,167.5,2.1,1,1,159.11,17.93,1,1,1,2,0
Urocynchramus_pylzowi,Urocynchramus_pylzowi,1,0,158,2.7,1,3,171.88,18.01,1,1,1,1,0
Emberiza_lathami,Melophus_lathami,0,0,152.5,2,1,7,391.22,17.16,1,5,0,2,1
Emberiza_siemsseni,Latoucheornis_siemsseni,0,0,115.5,2.7,1,1,157.17,17.07,1,3,1,1,1
Emberiza_citrinella,Emberiza_citrinella,0,0,180,2.5,1,6,133.81,17.82,1,5,1,1,0
Emberiza_leucocephalos,Emberiza_leucocephalos,0,0,175.75,2.5,1,6,595.35,30.97,1,5,1,1,0
Emberiza_koslowi,Emberiza_koslowi,1,1,175,2.7,1,1,189.89,30.07,1,3,0,1,0
Emberiza_cia,Emberiza_cia,0,0,157.75,2,1,7,186.11,18.61,1,3,1,1,0
Emberiza_godlewskii,Emberiza_godlewskii,0,0,155.75,2,1,9,587.29,17.79,1,5,1,2,0
Emberiza_cioides,Emberiza_cioides,0,0,158.15,2.5,1,6,837.51,16.83,1,3,0,1,1
Emberiza_jankowskii,Emberiza_jankowskii,3,3,156,5,1,1,118.01,16.97,1,3,1,1,0
Emberiza_buchanani,Emberiza_buchanani,0,0,161.75,2.5,1,3,166,30.17,1,5,0,1,0
Emberiza_hortulana,Emberiza_hortulana,0,0,163.5,2.5,1,2,166,19.78,1,5,1,1,0
Emberiza_yessoensis,Emberiza_yessoensis,1,1,136,5.5,1,1,188.58,16.15,1,5,1,1,0
Emberiza_tristrami,Emberiza_tristrami,1,0,121.5,5.5,1,2,596.51,18.25,1,5,1,2,1
Emberiza_fucata,Emberiza_fucata,0,0,150,5,1,10,716.91,15.63,1,5,0,0,0
Emberiza_pusilla,Emberiza_pusilla,0,0,133.15,5,1,6,821.36,17.81,1,5,0,0,1
Emberiza_chrysophrys,Emberiza_chrysophrys,0,0,150,2,1,3,393.82,18.3,1,1,1,2,1
Emberiza_rustica,Emberiza_rustica,0,0,125.5,2.5,1,7,717.86,18.58,1,5,0,1,0
Emberiza_elegans,Emberiza_elegans,0,0,125,6,1,6,579.28,17.99,1,3,0,2,0
Emberiza_aureola,Emberiza_aureola,3,3,125.15,2.5,1,3,821.36,16.16,1,5,0,1,2
Emberiza_rutila,Emberiza_rutila,0,0,138,2.5,1,2,603.15,17.11,1,5,0,1,0
Emberiza_melanocephala,Emberiza_melanocephala,0,0,182.15,2.5,1,3,181.01,18.32,1,5,0,2,0
Emberiza_bruniceps,Emberiza_bruniceps,0,0,169.5,2.5,1,1,166,18.12,1,3,0,2,0
Emberiza_sulphurata,Emberiza_sulphurata,1,1,120,2,1,1,71.13,18.35,1,3,0,2,2
Emberiza_spodocephala,Emberiza_spodocephala,0,0,123.15,2.5,1,10,676.36,15.19,1,3,0,2,1
Emberiza_variabilis,Emberiza_variabilis,0,0,167.5,5,1,2,139.25,18.63,1,5,1,2,0
Emberiza_pallasi,Emberiza_pallasi,0,0,138.5,2.5,1,5,586.81,18.95,1,5,1,2,0
Emberiza_schoeniclus,Emberiza_schoeniclus,0,0,153.5,5,1,1,611.51,18.32,1,5,1,2,0
Emberiza_calandra,Miliaria_calandra,0,0,186.75,5,1,2,166,15.89,1,5,1,2,0
Calcarius_lapponicus,Calcarius_lapponicus,1,0,158.15,5,1,6,587.16,19.82,1,5,2,1,0
Plectrophenax_nivalis,Plectrophenax_nivalis,0,0,166.15,5,1,2,371.82,31.61,0,1,2,2,0
